-- MySQL dump 10.13  Distrib 8.0.23, for Win64 (x86_64)
--
-- Host: localhost    Database: avangard
-- ------------------------------------------------------
-- Server version	8.0.23

/*!40101 SET @OLD_CHARACTER_SET_CLIENT=@@CHARACTER_SET_CLIENT */;
/*!40101 SET @OLD_CHARACTER_SET_RESULTS=@@CHARACTER_SET_RESULTS */;
/*!40101 SET @OLD_COLLATION_CONNECTION=@@COLLATION_CONNECTION */;
/*!50503 SET NAMES utf8 */;
/*!40103 SET @OLD_TIME_ZONE=@@TIME_ZONE */;
/*!40103 SET TIME_ZONE='+00:00' */;
/*!40014 SET @OLD_UNIQUE_CHECKS=@@UNIQUE_CHECKS, UNIQUE_CHECKS=0 */;
/*!40014 SET @OLD_FOREIGN_KEY_CHECKS=@@FOREIGN_KEY_CHECKS, FOREIGN_KEY_CHECKS=0 */;
/*!40101 SET @OLD_SQL_MODE=@@SQL_MODE, SQL_MODE='NO_AUTO_VALUE_ON_ZERO' */;
/*!40111 SET @OLD_SQL_NOTES=@@SQL_NOTES, SQL_NOTES=0 */;

--
-- Table structure for table `actions_data`
--

DROP TABLE IF EXISTS `actions_data`;
/*!40101 SET @saved_cs_client     = @@character_set_client */;
/*!50503 SET character_set_client = utf8mb4 */;
CREATE TABLE `actions_data` (
  `Timestamp` timestamp(3) NOT NULL,
  `UserID` int NOT NULL DEFAULT '0',
  `Text` char(120) DEFAULT NULL,
  PRIMARY KEY (`Timestamp`,`UserID`)
) ENGINE=InnoDB DEFAULT CHARSET=utf8;
/*!40101 SET character_set_client = @saved_cs_client */;

--
-- Dumping data for table `actions_data`
--

LOCK TABLES `actions_data` WRITE;
/*!40000 ALTER TABLE `actions_data` DISABLE KEYS */;
INSERT INTO `actions_data` VALUES ('2021-02-02 09:55:08.786',-1,'Флажок \"cbNameK102\", переменная \"flLoadK\". 1: Было 0, стало 1'),('2021-02-02 09:55:12.806',-1,'Флажок \"cbNameK110\", переменная \"flLoadK\". 9: Было 0, стало 1'),('2021-02-02 09:55:13.307',-1,'Флажок \"cbNameK108\", переменная \"flLoadK\". 7: Было 0, стало 1'),('2021-02-02 09:56:03.407',-1,'Кнопка \"BtnLoadK\", переменная \"flLoadK\". 31: Было 0, стало 1'),('2021-02-02 09:56:11.632',-1,'Кнопка \"BtnLoadK\", переменная \"flLoadK\". 31: Было 1, стало 0'),('2021-02-02 09:56:16.137',-1,'Кнопка \"BtnLoadK\", переменная \"flLoadK\". 31: Было 0, стало 1'),('2021-02-02 09:56:18.406',-1,'Кнопка \"BtnLoadK\", переменная \"flLoadK\". 31: Было 1, стало 0'),('2021-02-05 05:38:05.627',-1,'Флажок \"cbNameK102\", переменная \"flLoadK\". 1: Было 0, стало 1'),('2021-02-05 05:38:07.128',-1,'Флажок \"cbNameK108\", переменная \"flLoadK\". 7: Было 0, стало 1'),('2021-02-05 05:38:07.913',-1,'Флажок \"cbNameK110\", переменная \"flLoadK\". 9: Было 0, стало 1'),('2021-02-05 05:39:11.460',-1,'Флажок \"cbNameK102\", переменная \"flLoadK\". 1: Было 0, стало 1'),('2021-02-05 05:39:12.227',-1,'Флажок \"cbNameK108\", переменная \"flLoadK\". 7: Было 0, стало 1'),('2021-02-05 05:39:12.845',-1,'Флажок \"cbNameK110\", переменная \"flLoadK\". 9: Было 0, стало 1'),('2021-02-05 05:41:46.199',-1,'Флажок \"cbNameK102\", переменная \"flLoadK\". 1: Было 0, стало 1'),('2021-02-05 05:41:46.983',-1,'Флажок \"cbNameK108\", переменная \"flLoadK\". 7: Было 0, стало 1'),('2021-02-05 05:41:47.550',-1,'Флажок \"cbNameK110\", переменная \"flLoadK\". 9: Было 0, стало 1'),('2021-02-05 05:44:17.034',-1,'Флажок \"cbNameK102\", переменная \"flLoadK\". 1: Было 0, стало 1'),('2021-02-05 05:44:17.868',-1,'Флажок \"cbNameK108\", переменная \"flLoadK\". 7: Было 0, стало 1'),('2021-02-05 05:44:18.402',-1,'Флажок \"cbNameK110\", переменная \"flLoadK\". 9: Было 0, стало 1'),('2021-02-05 05:45:12.757',-1,'Поле \"Field229\", переменная \"OrderRowSelectK\". Было \"2\", стало \"1\"'),('2021-02-05 05:45:27.922',-1,'Поле \"Field229\", переменная \"OrderRowSelectK\". Было \"2\", стало \"0\"'),('2021-02-05 05:47:26.324',-1,'Флажок \"cbNameK102\", переменная \"flLoadK\". 1: Было 0, стало 1'),('2021-02-05 05:47:27.509',-1,'Флажок \"cbNameK108\", переменная \"flLoadK\". 7: Было 0, стало 1'),('2021-02-05 05:47:28.143',-1,'Флажок \"cbNameK110\", переменная \"flLoadK\". 9: Было 0, стало 1'),('2021-02-05 05:48:39.131',-1,'Флажок \"cbNameK102\", переменная \"flLoadK\". 1: Было 0, стало 1'),('2021-02-05 05:48:40.132',-1,'Флажок \"cbNameK108\", переменная \"flLoadK\". 7: Было 0, стало 1'),('2021-02-05 05:48:40.666',-1,'Флажок \"cbNameK110\", переменная \"flLoadK\". 9: Было 0, стало 1'),('2021-02-05 05:50:28.608',-1,'Флажок \"cbNameK110\", переменная \"flLoadK\". 9: Было 0, стало 1'),('2021-02-05 05:50:29.058',-1,'Флажок \"cbNameK108\", переменная \"flLoadK\". 7: Было 0, стало 1'),('2021-02-05 05:50:29.792',-1,'Флажок \"cbNameK102\", переменная \"flLoadK\". 1: Было 0, стало 1'),('2021-02-05 05:53:07.784',-1,'Флажок \"cbNameK102\", переменная \"flLoadK\". 1: Было 0, стало 1'),('2021-02-05 05:53:08.502',-1,'Флажок \"cbNameK108\", переменная \"flLoadK\". 7: Было 0, стало 1'),('2021-02-05 05:53:09.486',-1,'Флажок \"cbNameK110\", переменная \"flLoadK\". 9: Было 0, стало 1'),('2021-02-05 05:57:17.218',-1,'Флажок \"cbNameK102\", переменная \"flLoadK\". 1: Было 0, стало 1'),('2021-02-05 05:57:18.036',-1,'Флажок \"cbNameK108\", переменная \"flLoadK\". 7: Было 0, стало 1'),('2021-02-05 05:57:18.603',-1,'Флажок \"cbNameK110\", переменная \"flLoadK\". 9: Было 0, стало 1'),('2021-02-05 05:59:50.256',-1,'Флажок \"cbNameK102\", переменная \"flLoadK\". 1: Было 0, стало 1'),('2021-02-05 05:59:51.023',-1,'Флажок \"cbNameK108\", переменная \"flLoadK\". 7: Было 0, стало 1'),('2021-02-05 05:59:51.924',-1,'Флажок \"cbNameK110\", переменная \"flLoadK\". 9: Было 0, стало 1'),('2021-02-05 08:18:29.785',-1,'Список \"cbLoadD\", переменная \"idLoadD\". Было \"0\", стало \"9\"'),('2021-02-05 08:18:46.335',-1,'Список \"cbLoadD\", переменная \"idLoadD\". Было \"9\", стало \"10\"'),('2021-02-05 08:18:59.465',-1,'Список \"cbLoadK\", переменная \"idLoadK\". Было \"2\", стало \"1\"'),('2021-02-05 08:19:02.451',-1,'Флажок \"cbNameK106\", переменная \"flLoadK\". 5: Было 0, стало 1'),('2021-02-05 08:19:03.135',-1,'Флажок \"cbNameK108\", переменная \"flLoadK\". 7: Было 0, стало 1'),('2021-02-05 08:19:03.786',-1,'Флажок \"cbNameK110\", переменная \"flLoadK\". 9: Было 0, стало 1'),('2021-02-05 08:19:17.116',-1,'Список \"cbLoadD\", переменная \"idLoadD\". Было \"10\", стало \"10\"'),('2021-02-05 08:20:34.110',-1,'Список \"cbLoadD\", переменная \"idLoadD\". Было \"10\", стало \"9\"'),('2021-02-05 11:09:11.434',-1,'Флажок \"cbNameK106\", переменная \"flLoadK\". 5: Было 0, стало 1'),('2021-02-05 11:09:12.351',-1,'Флажок \"cbNameK110\", переменная \"flLoadK\". 9: Было 0, стало 1'),('2021-02-05 11:09:14.855',-1,'Список \"cbLoadK\", переменная \"idLoadK\". Было \"1\", стало \"0\"'),('2021-02-05 11:09:29.602',-1,'Список \"cbLoadK\", переменная \"idLoadK\". Было \"0\", стало \"2\"'),('2021-02-05 11:09:39.813',-1,'Список \"cbLoadK\", переменная \"idLoadK\". Было \"2\", стало \"0\"'),('2021-02-05 11:09:43.633',-1,'Список \"cbLoadK\", переменная \"idLoadK\". Было \"0\", стало \"2\"'),('2021-02-05 11:09:46.503',-1,'Флажок \"cbNameK106\", переменная \"flLoadK\". 5: Было 1, стало 0'),('2021-02-05 11:09:47.804',-1,'Флажок \"cbNameK110\", переменная \"flLoadK\". 9: Было 1, стало 0'),('2021-02-05 11:14:28.069',-1,'Список \"EditSBMatName\", переменная \"SBMatId\". Было \"2\", стало \"2\"'),('2021-02-05 11:14:34.059',-1,'Флажок \"cbSBMatViewAll\", переменная \"SBBlock\". 2: Было 0, стало 1'),('2021-02-05 11:15:01.520',-1,'Список \"EditSBMatName\", переменная \"SBMatId\". Было \"2\", стало \"2\"'),('2021-02-05 11:15:57.726',-1,'Список \"cbLoadK\", переменная \"idLoadK\". Было \"2\", стало \"1\"'),('2021-02-05 11:15:58.777',-1,'Флажок \"cbNameK106\", переменная \"flLoadK\". 5: Было 0, стало 1'),('2021-02-05 11:15:59.728',-1,'Флажок \"cbNameK108\", переменная \"flLoadK\". 7: Было 0, стало 1'),('2021-02-05 11:16:01.747',-1,'Список \"cbLoadK\", переменная \"idLoadK\". Было \"1\", стало \"2\"'),('2021-02-05 11:16:11.690',-1,'Список \"cbLoadK\", переменная \"idLoadK\". Было \"2\", стало \"0\"'),('2021-02-05 11:16:13.075',-1,'Список \"cbLoadK\", переменная \"idLoadK\". Было \"0\", стало \"2\"'),('2021-02-05 11:17:03.292',-1,'Флажок \"cbNameK102\", переменная \"flLoadK\". 1: Было 0, стало 1'),('2021-02-05 11:17:04.827',-1,'Флажок \"cbNameK108\", переменная \"flLoadK\". 7: Было 0, стало 1'),('2021-02-05 11:17:05.527',-1,'Флажок \"cbNameK110\", переменная \"flLoadK\". 9: Было 0, стало 1'),('2021-02-05 11:17:07.212',-1,'Список \"cbLoadK\", переменная \"idLoadK\". Было \"2\", стало \"1\"'),('2021-02-05 11:17:08.831',-1,'Флажок \"cbNameK106\", переменная \"flLoadK\". 5: Было 0, стало 1'),('2021-02-05 11:17:09.431',-1,'Флажок \"cbNameK108\", переменная \"flLoadK\". 7: Было 0, стало 1'),('2021-02-05 11:17:10.032',-1,'Флажок \"cbNameK110\", переменная \"flLoadK\". 9: Было 0, стало 1'),('2021-02-05 11:17:12.167',-1,'Список \"cbLoadK\", переменная \"idLoadK\". Было \"1\", стало \"3\"'),('2021-02-09 12:55:02.811',-1,'Флажок \"cbNameK108\", переменная \"flLoadK\". 7: Было 0, стало 1'),('2021-02-09 12:55:03.929',-1,'Флажок \"cbNameK103\", переменная \"flLoadK\". 2: Было 0, стало 1'),('2021-02-09 12:55:07.716',-1,'Кнопка \"BtnLoadK\", переменная \"flLoadK\". 31: Было 0, стало 1'),('2021-02-09 12:55:57.533',-1,'Кнопка \"BtnLoadK\", переменная \"flLoadK\". 31: Было 1, стало 0'),('2021-02-09 13:18:10.790',-1,'Список \"EditSBMatName\", переменная \"SBMatId\". Было \"2\", стало \"1\"'),('2021-02-09 13:18:23.836',-1,'Список \"EditSBMatName\", переменная \"SBMatId\". Было \"0\", стало \"2\"'),('2021-02-09 13:20:43.259',-1,'Список \"EditSBMatName\", переменная \"SBMatId\". Было \"2\", стало \"2\"'),('2021-02-09 13:20:46.546',-1,'Список \"EditSBMatName\", переменная \"SBMatId\". Было \"2\", стало \"1\"'),('2021-02-09 13:21:17.878',-1,'Поле \"Field229\", переменная \"SBMatId\". Было \"11\", стало \"12\"'),('2021-02-09 13:21:21.031',-1,'Поле \"Field229\", переменная \"SBMatId\". Было \"12\", стало \"11\"'),('2021-02-09 13:21:37.681',-1,'Поле \"Field229\", переменная \"SBMatId\". Было \"11\", стало \"2\"'),('2021-02-09 13:21:49.292',-1,'Поле \"Field229\", переменная \"SBMatId\". Было \"2\", стало \"1\"'),('2021-02-09 13:21:51.095',-1,'Поле \"Field229\", переменная \"SBMatId\". Было \"1\", стало \"2\"'),('2021-02-09 13:25:56.191',-1,'Флажок \"cbSBBlockIn\", переменная \"SBBlock\". 0: Было 0, стало 1'),('2021-02-09 13:27:49.355',-1,'Поле \"Field229\", переменная \"SBMatId\". Было \"1\", стало \"2\"'),('2021-02-09 13:27:52.007',-1,'Поле \"Field229\", переменная \"SBMatId\". Было \"2\", стало \"1\"'),('2021-02-10 04:48:21.883',-1,'Список \"cbLoadK\", переменная \"idLoadK\". Было \"3\", стало \"2\"'),('2021-02-10 04:48:33.477',-1,'Список \"cbLoadK\", переменная \"idLoadK\". Было \"2\", стало \"2\"'),('2021-02-10 04:48:35.947',-1,'Список \"cbLoadK\", переменная \"idLoadK\". Было \"2\", стало \"0\"'),('2021-02-10 04:48:38.332',-1,'Список \"cbLoadK\", переменная \"idLoadK\". Было \"0\", стало \"3\"'),('2021-02-10 04:48:44.539',-1,'Список \"cbLoadK\", переменная \"idLoadK\". Было \"3\", стало \"2\"'),('2021-02-10 04:52:28.931',-1,'Кнопка \"BtnExit\", переменная \"flExit\". 0: Было 0, стало 1'),('2021-02-10 05:07:57.098',-1,'Флажок \"cbSBBlockIn\", переменная \"SBBlock\". 0: Было 1, стало 0'),('2021-02-10 05:08:07.775',-1,'Флажок \"cbNameK108\", переменная \"flLoadK\". 7: Было 0, стало 1'),('2021-02-10 05:08:08.776',-1,'Флажок \"cbNameK110\", переменная \"flLoadK\". 9: Было 0, стало 1'),('2021-02-10 05:08:21.555',-1,'Кнопка \"BtnLoadK\", переменная \"flLoadK\". 31: Было 0, стало 1'),('2021-02-10 05:08:45.029',-1,'Кнопка \"BtnLoadK\", переменная \"flLoadK\". 31: Было 0, стало 1'),('2021-02-10 05:16:05.923',-1,'Флажок \"cbNameK108\", переменная \"flLoadK\". 7: Было 0, стало 1'),('2021-02-10 05:16:06.907',-1,'Флажок \"cbNameK110\", переменная \"flLoadK\". 9: Было 0, стало 1'),('2021-02-10 05:16:09.509',-1,'Кнопка \"BtnLoadK\", переменная \"flLoadK\". 31: Было 0, стало 1'),('2021-02-10 05:16:56.390',-1,'Кнопка \"BtnLoadK\", переменная \"flLoadK\". 31: Было 1, стало 0'),('2021-02-10 05:40:08.407',-1,'Флажок \"cbNameK108\", переменная \"flLoadK\". 7: Было 0, стало 1'),('2021-02-10 05:40:10.258',-1,'Флажок \"cbNameK110\", переменная \"flLoadK\". 9: Было 0, стало 1'),('2021-02-10 05:40:12.561',-1,'Флажок \"cbNameK110\", переменная \"flLoadK\". 9: Было 1, стало 0'),('2021-02-10 05:40:23.154',-1,'Флажок \"cbNameK108\", переменная \"flLoadK\". 7: Было 1, стало 0'),('2021-02-10 05:40:24.122',-1,'Флажок \"cbNameK108\", переменная \"flLoadK\". 7: Было 0, стало 1'),('2021-02-10 05:40:31.312',-1,'Список \"cbLoadK\", переменная \"idLoadK\". Было \"2\", стало \"0\"'),('2021-02-10 05:40:33.198',-1,'Список \"cbLoadK\", переменная \"idLoadK\". Было \"0\", стало \"2\"'),('2021-02-10 05:40:34.483',-1,'Флажок \"cbNameK110\", переменная \"flLoadK\". 9: Было 0, стало 1'),('2021-02-10 05:40:35.634',-1,'Флажок \"cbNameK108\", переменная \"flLoadK\". 7: Было 0, стало 1'),('2021-02-10 05:40:37.069',-1,'Флажок \"cbNameK110\", переменная \"flLoadK\". 9: Было 1, стало 0'),('2021-02-10 05:44:04.927',-1,'Флажок \"cbNameK110\", переменная \"flLoadK\". 9: Было 0, стало 1'),('2021-02-10 05:44:05.929',-1,'Флажок \"cbNameK108\", переменная \"flLoadK\". 7: Было 0, стало 1'),('2021-02-10 05:44:11.568',-1,'Флажок \"cbNameK108\", переменная \"flLoadK\". 7: Было 1, стало 0'),('2021-02-10 05:44:13.737',-1,'Флажок \"cbNameK108\", переменная \"flLoadK\". 7: Было 0, стало 1'),('2021-02-10 05:44:31.404',-1,'Флажок \"cbNameK108\", переменная \"flLoadK\". 7: Было 1, стало 0'),('2021-02-10 05:44:38.962',-1,'Флажок \"cbNameK108\", переменная \"flLoadK\". 7: Было 0, стало 1'),('2021-02-10 05:44:51.191',-1,'Кнопка \"BtnExit\", переменная \"flExit\". 0: Было 0, стало 1'),('2021-02-10 06:20:33.962',-1,'Список \"cbLoadK\", переменная \"idLoadK\". Было \"2\", стало \"5\"'),('2021-02-10 06:20:39.017',-1,'Список \"cbLoadK\", переменная \"idLoadK\". Было \"5\", стало \"4\"'),('2021-02-10 06:20:44.672',-1,'Список \"cbLoadK\", переменная \"idLoadK\". Было \"4\", стало \"1\"'),('2021-02-10 06:20:47.325',-1,'Флажок \"cbNameK106\", переменная \"flLoadK\". 5: Было 0, стало 1'),('2021-02-10 06:20:49.978',-1,'Флажок \"cbNameK102\", переменная \"flLoadK\". 1: Было 0, стало 1'),('2021-02-10 06:20:54.682',-1,'Кнопка \"BtnLoadK\", переменная \"flLoadK\". 31: Было 0, стало 1'),('2021-02-10 06:21:38.244',-1,'Кнопка \"BtnExit\", переменная \"flExit\". 0: Было 0, стало 1'),('2021-02-10 06:27:44.444',-1,'Флажок \"cbNameK106\", переменная \"flLoadK\". 5: Было 1, стало 0'),('2021-02-10 06:27:46.096',-1,'Флажок \"cbNameK106\", переменная \"flLoadK\". 5: Было 0, стало 1'),('2021-02-10 06:27:47.398',-1,'Флажок \"cbNameK106\", переменная \"flLoadK\". 5: Было 1, стало 0'),('2021-02-10 06:27:48.616',-1,'Флажок \"cbNameK106\", переменная \"flLoadK\". 5: Было 0, стало 1'),('2021-02-10 06:27:51.302',-1,'Флажок \"cbNameK102\", переменная \"flLoadK\". 1: Было 1, стало 0'),('2021-02-10 06:27:52.836',-1,'Флажок \"cbNameK102\", переменная \"flLoadK\". 1: Было 0, стало 1'),('2021-02-10 06:27:56.541',-1,'Флажок \"cbNameK102\", переменная \"flLoadK\". 1: Было 1, стало 0'),('2021-02-10 06:27:59.310',-1,'Флажок \"cbNameK102\", переменная \"flLoadK\". 1: Было 0, стало 1'),('2021-02-10 06:28:23.835',-1,'Флажок \"cbNameK106\", переменная \"flLoadK\". 5: Было 1, стало 0'),('2021-02-10 06:28:24.852',-1,'Флажок \"cbNameK106\", переменная \"flLoadK\". 5: Было 0, стало 1'),('2021-02-10 06:36:06.216',-1,'Флажок \"cbNameK102\", переменная \"flLoadK\". 1: Было 1, стало 0'),('2021-02-10 06:36:07.117',-1,'Флажок \"cbNameK102\", переменная \"flLoadK\". 1: Было 1, стало 0'),('2021-02-10 06:36:07.885',-1,'Флажок \"cbNameK102\", переменная \"flLoadK\". 1: Было 1, стало 0'),('2021-02-10 06:36:09.853',-1,'Флажок \"cbNameK106\", переменная \"flLoadK\". 5: Было 1, стало 0'),('2021-02-10 06:36:10.771',-1,'Флажок \"cbNameK106\", переменная \"flLoadK\". 5: Было 0, стало 1'),('2021-02-10 06:40:11.830',-1,'Флажок \"cbNameK110\", переменная \"flLoadK\". 9: Было 0, стало 1'),('2021-02-10 06:40:41.109',-1,'Флажок \"cbNameK106\", переменная \"flLoadK\". 5: Было 1, стало 0'),('2021-02-10 06:40:41.744',-1,'Флажок \"cbNameK106\", переменная \"flLoadK\". 5: Было 1, стало 0'),('2021-02-10 06:40:42.277',-1,'Флажок \"cbNameK106\", переменная \"flLoadK\". 5: Было 1, стало 0'),('2021-02-10 06:40:42.811',-1,'Флажок \"cbNameK106\", переменная \"flLoadK\". 5: Было 1, стало 0'),('2021-02-10 06:49:23.401',-1,'Флажок \"cbNameK110\", переменная \"flLoadK\". 9: Было 0, стало 1'),('2021-02-10 06:49:37.031',-1,'Флажок \"cbNameK110\", переменная \"flLoadK\". 9: Было 1, стало 0'),('2021-02-10 07:09:54.155',-1,'Флажок \"cbNameK110\", переменная \"flLoadK\". 9: Было 0, стало 1'),('2021-02-10 07:10:34.495',-1,'Кнопка \"BtnLoadK\", переменная \"flLoadK\". 31: Было 1, стало 0'),('2021-02-10 07:11:10.398',-1,'Флажок \"cbNameK110\", переменная \"flLoadK\". 9: Было 1, стало 0'),('2021-02-10 07:11:14.653',-1,'Флажок \"cbNameK106\", переменная \"flLoadK\". 5: Было 1, стало 0'),('2021-02-10 07:11:16.505',-1,'Флажок \"cbNameK102\", переменная \"flLoadK\". 1: Было 1, стало 0'),('2021-02-10 07:17:05.405',-1,'Флажок \"cbNameK106\", переменная \"flLoadK\". 5: Было 1, стало 0'),('2021-02-10 07:17:07.508',-1,'Флажок \"cbNameK106\", переменная \"flLoadK\". 5: Было 1, стало 0'),('2021-02-10 07:17:11.595',-1,'Флажок \"cbNameK106\", переменная \"flLoadK\". 5: Было 1, стало 0'),('2021-02-10 07:20:22.320',-1,'Флажок \"cbNameK106\", переменная \"flLoadK\". 5: Было 0, стало 1'),('2021-02-10 07:20:23.772',-1,'Флажок \"cbNameK106\", переменная \"flLoadK\". 5: Было 1, стало 0'),('2021-02-10 07:20:29.311',-1,'Флажок \"cbNameK106\", переменная \"flLoadK\". 5: Было 0, стало 1'),('2021-02-10 07:20:32.280',-1,'Флажок \"cbNameK110\", переменная \"flLoadK\". 9: Было 0, стало 1'),('2021-02-10 07:20:37.469',-1,'Кнопка \"BtnLoadK\", переменная \"flLoadK\". 31: Было 0, стало 1'),('2021-02-10 07:25:34.267',-1,'Флажок \"cbNameK110\", переменная \"flLoadK\". 9: Было 1, стало 0'),('2021-02-10 07:25:35.451',-1,'Флажок \"cbNameK110\", переменная \"flLoadK\". 9: Было 0, стало 1'),('2021-02-10 07:25:37.270',-1,'Флажок \"cbNameK102\", переменная \"flLoadK\". 1: Было 0, стало 1'),('2021-02-10 07:25:57.792',-1,'Кнопка \"BtnLoadK\", переменная \"flLoadK\". 31: Было 1, стало 0'),('2021-02-10 07:25:59.042',-1,'Флажок \"cbNameK110\", переменная \"flLoadK\". 9: Было 1, стало 0'),('2021-02-10 07:26:00.394',-1,'Флажок \"cbNameK102\", переменная \"flLoadK\". 1: Было 1, стало 0'),('2021-02-10 07:26:01.895',-1,'Флажок \"cbNameK106\", переменная \"flLoadK\". 5: Было 1, стало 0'),('2021-02-10 07:26:02.896',-1,'Флажок \"cbNameK106\", переменная \"flLoadK\". 5: Было 1, стало 0'),('2021-02-10 07:27:07.778',-1,'Флажок \"cbNameK106\", переменная \"flLoadK\". 5: Было 1, стало 0'),('2021-02-10 13:20:01.738',-1,'Кнопка \"BtnExit\", переменная \"flExit\". 0: Было 0, стало 1'),('2021-02-11 05:12:36.512',-1,'Кнопка \"Button95\", переменная \"Regim2\". 14: Было 0, стало 1'),('2021-02-11 05:12:50.692',-1,'Флажок \"cbNameK106\", переменная \"flLoadK\". 5: Было 0, стало 1'),('2021-02-11 05:12:52.311',-1,'Флажок \"cbNameK110\", переменная \"flLoadK\". 9: Было 0, стало 1'),('2021-02-11 05:12:56.849',-1,'Кнопка \"BtnLoadK\", переменная \"flLoadK\". 31: Было 0, стало 1'),('2021-02-11 05:17:10.471',-1,'Флажок \"cbNameK102\", переменная \"flLoadK\". 1: Было 0, стало 1'),('2021-02-11 07:46:04.855',-1,'Список \"cbLoadK\", переменная \"idLoadK\". Было \"1\", стало \"2\"'),('2021-02-11 07:46:07.108',-1,'Список \"cbLoadK\", переменная \"idLoadK\". Было \"2\", стало \"0\"'),('2021-02-11 07:46:09.661',-1,'Список \"cbLoadK\", переменная \"idLoadK\". Было \"0\", стало \"3\"'),('2021-02-11 08:04:01.755',-1,'Кнопка \"BtnLoadK\", переменная \"flLoadK\". 31: Было 1, стало 0'),('2021-02-11 08:04:56.276',-1,'Кнопка \"btn_use_scalp\", переменная \"Regim2\". 6: Было 0, стало 1'),('2021-02-11 08:04:57.210',-1,'Кнопка \"btn_use_scalp\", переменная \"Regim2\". 6: Было 1, стало 0'),('2021-02-11 08:05:00.113',-1,'Кнопка \"btn_use_scalp\", переменная \"Regim2\". 6: Было 0, стало 1'),('2021-02-11 08:05:01.032',-1,'Кнопка \"btn_use_scalp\", переменная \"Regim2\". 6: Было 1, стало 0'),('2021-02-11 08:09:17.623',-1,'Кнопка \"btn_use_scalp\", переменная \"Regim2\". 6: Было 0, стало 1'),('2021-02-11 08:09:18.740',-1,'Кнопка \"btn_use_scalp\", переменная \"Regim2\". 6: Было 1, стало 0'),('2021-02-11 08:09:23.712',-1,'Список \"cbLoadK\", переменная \"idLoadK\". Было \"3\", стало \"0\"'),('2021-02-11 08:09:25.948',-1,'Список \"cbLoadK\", переменная \"idLoadK\". Было \"0\", стало \"2\"'),('2021-02-11 08:09:29.768',-1,'Список \"cbLoadK\", переменная \"idLoadK\". Было \"2\", стало \"5\"'),('2021-02-11 08:09:37.709',-1,'Список \"cbLoadK\", переменная \"idLoadK\". Было \"5\", стало \"2\"'),('2021-02-12 08:17:08.707',-1,'Список \"EditRecipeDozP\", переменная \"RecipLDozP\". Было \"0\", стало \"2\"'),('2021-02-12 08:17:27.993',-1,'Поле \"EditRecipLPrc\", переменная \"RecipLPrc\". Было \"0\", стало \"50\"'),('2021-02-12 08:17:42.358',-1,'Список \"EditRecipeMaterial\", переменная \"RecipLId\". Было \"7\", стало \"12\"'),('2021-02-12 08:17:49.148',-1,'Поле \"EditRecipLPrc\", переменная \"RecipLPrc\". Было \"0\", стало \"4\"'),('2021-02-12 08:17:54.453',-1,'Список \"EditRecipeMaterial\", переменная \"RecipLId\". Было \"0\", стало \"9\"'),('2021-02-12 08:18:00.059',-1,'Поле \"EditRecipLPrc\", переменная \"RecipLPrc\". Было \"0\", стало \"4\"'),('2021-02-12 08:18:51.160',-1,'Список \"EditRecipeMaterial\", переменная \"RecipLId\". Было \"0\", стало \"2\"'),('2021-02-12 08:18:56.499',-1,'Поле \"EditRecipLPrc\", переменная \"RecipLPrc\". Было \"0\", стало \"15\"'),('2021-02-12 08:19:31.300',-1,'Список \"EditRecipeMaterial\", переменная \"RecipLId\". Было \"2\", стало \"13\"'),('2021-02-12 08:19:36.523',-1,'Поле \"EditRecipLPrc\", переменная \"RecipLPrc\". Было \"15\", стало \"5\"'),('2021-02-12 08:19:42.912',-1,'Список \"EditRecipeMaterial\", переменная \"RecipLId\". Было \"0\", стало \"15\"'),('2021-02-12 08:19:46.784',-1,'Поле \"EditRecipLPrc\", переменная \"RecipLPrc\". Было \"0\", стало \"2\"'),('2021-02-12 08:20:13.844',-1,'Список \"EditRecipeMaterial\", переменная \"RecipLId\". Было \"15\", стало \"5\"'),('2021-02-12 08:20:20.467',-1,'Поле \"EditRecipLPrc\", переменная \"RecipLPrc\". Было \"2\", стало \"20\"'),('2021-02-12 08:20:39.119',-1,'Поле \"EditRecipName\", переменная \"RecipName\". Было \"hjkj\", стало \"КР3\"'),('2021-02-12 08:20:45.609',-1,'Поле \"EditRecipCod\", переменная \"RecipCod\". Было \"452\", стало \"222\"'),('2021-02-12 08:30:57.908',-1,'Поле \"EditRecipName\", переменная \"RecipName\". Было \"hjkj\", стало \"КР 2\"'),('2021-02-12 08:31:01.244',-1,'Поле \"EditRecipCod\", переменная \"RecipCod\". Было \"452\", стало \"101\"'),('2021-02-12 08:31:17.194',-1,'Список \"EditRecipeMaterial\", переменная \"RecipLId\". Было \"0\", стало \"2\"'),('2021-02-12 08:31:26.103',-1,'Поле \"EditRecipLPrc\", переменная \"RecipLPrc\". Было \"0\", стало \"34\"'),('2021-02-12 08:31:38.415',-1,'Список \"EditRecipeMaterial\", переменная \"RecipLId\". Было \"0\", стало \"3\"'),('2021-02-12 08:31:45.940',-1,'Поле \"EditRecipLPrc\", переменная \"RecipLPrc\". Было \"0\", стало \"26\"'),('2021-02-12 08:32:04.091',-1,'Список \"EditRecipeMaterial\", переменная \"RecipLId\". Было \"0\", стало \"5\"'),('2021-02-12 08:32:09.213',-1,'Поле \"EditRecipLPrc\", переменная \"RecipLPrc\". Было \"0\", стало \"24\"'),('2021-02-12 08:32:13.734',-1,'Список \"EditRecipeMaterial\", переменная \"RecipLId\". Было \"0\", стало \"9\"'),('2021-02-12 08:32:18.289',-1,'Поле \"EditRecipLPrc\", переменная \"RecipLPrc\". Было \"0\", стало \"10\"'),('2021-02-12 08:32:23.461',-1,'Список \"EditRecipeMaterial\", переменная \"RecipLId\". Было \"0\", стало \"19\"'),('2021-02-12 08:32:34.705',-1,'Список \"EditRecipeMaterial\", переменная \"RecipLId\". Было \"19\", стало \"8\"'),('2021-02-12 08:32:36.857',-1,'Поле \"EditRecipLPrc\", переменная \"RecipLPrc\". Было \"0\", стало \"3\"'),('2021-02-12 08:32:45.549',-1,'Список \"EditRecipeMaterial\", переменная \"RecipLId\". Было \"0\", стало \"18\"'),('2021-02-12 08:32:49.503',-1,'Поле \"EditRecipLPrc\", переменная \"RecipLPrc\". Было \"0\", стало \"2\"'),('2021-02-12 08:32:52.690',-1,'Список \"EditRecipeDozP\", переменная \"RecipLDozP\". Было \"7\", стало \"2\"'),('2021-02-12 08:33:02.616',-1,'Список \"EditRecipeMaterial\", переменная \"RecipLId\". Было \"0\", стало \"13\"'),('2021-02-12 08:33:06.503',-1,'Поле \"EditRecipLPrc\", переменная \"RecipLPrc\". Было \"0\", стало \"1\"'),('2021-02-12 08:33:16.981',-1,'Поле \"EditRecipLPrc\", переменная \"RecipLPrc\". Было \"1\", стало \"0.5\"'),('2021-02-12 08:33:30.662',-1,'Поле \"EditRecipLPrc\", переменная \"RecipLPrc\". Было \"24\", стало \"24.5\"'),('2021-02-12 08:33:39.270',-1,'Поле \"EditRecipLPrc\", переменная \"RecipLPrc\". Было \"24.5\", стало \"24.449\"'),('2021-02-12 08:33:55.853',-1,'Поле \"EditRecipLPrc\", переменная \"RecipLPrc\". Было \"2\", стало \"2.051\"'),('2021-02-12 08:35:24.526',-1,'Поле \"EditRecipName\", переменная \"RecipName\". Было \"КР 2\", стало \"КР 3\"'),('2021-02-12 08:35:53.872',-1,'Список \"EditRecipeMaterial\", переменная \"RecipLId\". Было \"0\", стало \"1\"'),('2021-02-12 08:35:58.894',-1,'Поле \"EditRecipLPrc\", переменная \"RecipLPrc\". Было \"0\", стало \"33\"'),('2021-02-12 08:36:00.963',-1,'Поле \"EditRecipLDopPlus\", переменная \"RecipLDopPlus\". Было \"0\", стало \"5\"'),('2021-02-12 08:36:06.685',-1,'Список \"EditRecipeMaterial\", переменная \"RecipLId\". Было \"0\", стало \"2\"'),('2021-02-12 08:36:10.739',-1,'Поле \"EditRecipLPrc\", переменная \"RecipLPrc\". Было \"0\", стало \"27\"'),('2021-02-12 08:36:11.790',-1,'Поле \"EditRecipLDopPlus\", переменная \"RecipLDopPlus\". Было \"0\", стало \"4\"'),('2021-02-12 08:36:29.491',-1,'Список \"EditRecipeMaterial\", переменная \"RecipLId\". Было \"0\", стало \"15\"'),('2021-02-12 08:36:38.067',-1,'Поле \"EditRecipLPrc\", переменная \"RecipLPrc\". Было \"0\", стало \"2\"'),('2021-02-12 08:36:42.070',-1,'Список \"EditRecipeMaterial\", переменная \"RecipLId\". Было \"15\", стало \"13\"'),('2021-02-12 08:36:45.274',-1,'Поле \"EditRecipLPrc\", переменная \"RecipLPrc\". Было \"2\", стало \"5\"'),('2021-02-12 08:36:55.067',-1,'Список \"EditRecipeMaterial\", переменная \"RecipLId\". Было \"0\", стало \"12\"'),('2021-02-12 08:36:58.321',-1,'Поле \"EditRecipLPrc\", переменная \"RecipLPrc\". Было \"0\", стало \"6\"'),('2021-02-12 08:37:07.796',-1,'Список \"EditRecipeMaterial\", переменная \"RecipLId\". Было \"0\", стало \"4\"'),('2021-02-12 08:37:10.483',-1,'Поле \"EditRecipLPrc\", переменная \"RecipLPrc\". Было \"0\", стало \"15\"'),('2021-02-12 08:37:24.246',-1,'Список \"EditRecipeMaterial\", переменная \"RecipLId\". Было \"0\", стало \"7\"'),('2021-02-12 08:37:31.036',-1,'Поле \"EditRecipLPrc\", переменная \"RecipLPrc\". Было \"0\", стало \"3\"'),('2021-02-12 08:37:38.912',-1,'Список \"EditRecipeMaterial\", переменная \"RecipLId\". Было \"0\", стало \"8\"'),('2021-02-12 08:37:43.332',-1,'Поле \"EditRecipLPrc\", переменная \"RecipLPrc\". Было \"0\", стало \"2\"'),('2021-02-12 08:37:56.262',-1,'Список \"EditRecipeMaterial\", переменная \"RecipLId\". Было \"0\", стало \"11\"'),('2021-02-12 08:38:00.266',-1,'Поле \"EditRecipLPrc\", переменная \"RecipLPrc\". Было \"0\", стало \"2\"'),('2021-02-12 08:38:06.622',-1,'Список \"EditRecipeMaterial\", переменная \"RecipLId\". Было \"0\", стало \"6\"'),('2021-02-12 08:38:09.024',-1,'Поле \"EditRecipLPrc\", переменная \"RecipLPrc\". Было \"0\", стало \"5\"'),('2021-02-12 11:32:05.554',-1,'Кнопка \"Button95\", переменная \"Regim2\". 14: Было 0, стало 1'),('2021-02-12 13:12:00.766',-1,'Список \"EditRecipeDozP\", переменная \"RecipLDozP\". Было \"1\", стало \"6\"');
/*!40000 ALTER TABLE `actions_data` ENABLE KEYS */;
UNLOCK TABLES;

--
-- Table structure for table `bunkers`
--

DROP TABLE IF EXISTS `bunkers`;
/*!40101 SET @saved_cs_client     = @@character_set_client */;
/*!50503 SET character_set_client = utf8mb4 */;
CREATE TABLE `bunkers` (
  `id` int NOT NULL,
  `idM` int DEFAULT '0',
  `V` int NOT NULL DEFAULT '0',
  `blockIn` int NOT NULL DEFAULT '0',
  `blockOut` int NOT NULL DEFAULT '0',
  `flDoz` int NOT NULL DEFAULT '0',
  `speed4` int NOT NULL DEFAULT '100',
  `speed3` int NOT NULL DEFAULT '60',
  `speed2` int NOT NULL DEFAULT '20',
  `speed1` int NOT NULL DEFAULT '10',
  `sw43` int NOT NULL DEFAULT '30',
  `sw32` int NOT NULL DEFAULT '10',
  `sw21` int NOT NULL DEFAULT '5',
  `stolb` float NOT NULL DEFAULT '2',
  `ves` int NOT NULL DEFAULT '0',
  `Name` varchar(45) NOT NULL DEFAULT '',
  PRIMARY KEY (`id`),
  KEY `nnnn_idx` (`idM`)
) ENGINE=InnoDB DEFAULT CHARSET=utf8;
/*!40101 SET character_set_client = @saved_cs_client */;

--
-- Dumping data for table `bunkers`
--

LOCK TABLES `bunkers` WRITE;
/*!40000 ALTER TABLE `bunkers` DISABLE KEYS */;
INSERT INTO `bunkers` VALUES (101,1,15000,0,0,0,100,60,20,10,30,10,5,2,0,'101'),(102,1,15000,0,0,0,100,60,20,10,30,10,5,2,0,'102'),(103,3,15000,0,0,0,100,60,20,10,30,10,5,2,0,'103'),(104,5,20000,1,0,0,100,60,20,10,30,10,5,2,0,'104'),(105,6,20000,0,0,0,100,60,20,10,30,10,5,2,0,'105'),(106,1,15000,0,0,0,100,60,20,10,30,10,5,2,2,'106'),(107,6,15000,0,0,0,100,60,20,10,30,10,5,2,0,'107'),(108,2,15000,0,0,0,100,60,20,10,30,10,5,2,0,'108'),(109,4,20000,0,0,0,100,60,20,10,30,10,5,2,0,'109'),(110,0,20000,0,0,0,100,60,20,10,30,10,5,2,0,'110'),(201,10,2000,0,0,1,100,60,20,10,30,10,5,2,0,'201'),(202,7,2000,0,0,1,100,60,20,10,30,10,5,2,0,'202'),(203,8,2000,0,0,1,100,60,20,10,30,10,5,2,0,'203'),(204,0,2000,0,0,1,100,60,20,10,30,10,5,2,0,'204'),(301,11,500,0,0,2,100,60,20,10,30,10,5,2,0,'301'),(302,0,500,0,0,2,100,60,20,10,30,10,5,2,0,'302'),(303,0,500,0,0,2,100,60,20,10,30,10,5,2,0,'303'),(304,0,500,0,0,2,100,60,20,10,30,10,5,2,0,'304'),(305,12,500,0,0,2,100,60,20,10,30,10,5,2,0,'305'),(306,0,500,0,0,2,100,60,20,10,30,10,5,2,0,'306'),(307,0,500,0,0,2,100,60,20,10,30,10,5,2,0,'307'),(308,0,500,0,0,2,100,60,20,10,30,10,5,2,0,'308'),(309,0,500,0,0,2,100,60,20,10,30,10,5,2,0,'309'),(310,0,500,0,0,2,100,60,20,10,30,10,5,2,0,'310'),(311,0,500,0,0,2,100,60,20,10,30,10,5,2,0,'311'),(312,0,500,0,0,2,100,60,20,10,30,10,5,2,0,'312'),(501,0,1500,0,0,3,100,60,20,10,30,10,5,2,0,'ЖД1'),(502,0,1500,0,0,3,100,60,20,10,30,10,5,2,0,'ЖД2'),(601,0,1000,0,0,3,100,60,20,10,30,10,5,2,0,'ЖДН'),(701,0,1000,0,0,3,100,60,20,10,30,10,5,2,0,'ЖДМ');
/*!40000 ALTER TABLE `bunkers` ENABLE KEYS */;
UNLOCK TABLES;

--
-- Table structure for table `doz_points`
--

DROP TABLE IF EXISTS `doz_points`;
/*!40101 SET @saved_cs_client     = @@character_set_client */;
/*!50503 SET character_set_client = utf8mb4 */;
CREATE TABLE `doz_points` (
  `id` int NOT NULL,
  `Name` varchar(20) DEFAULT '',
  `ExtName` varchar(100) DEFAULT '',
  PRIMARY KEY (`id`)
) ENGINE=InnoDB DEFAULT CHARSET=utf8;
/*!40101 SET character_set_client = @saved_cs_client */;

--
-- Dumping data for table `doz_points`
--

LOCK TABLES `doz_points` WRITE;
/*!40000 ALTER TABLE `doz_points` DISABLE KEYS */;
INSERT INTO `doz_points` VALUES (0,'БВ1','Большие весы'),(1,'СВ2','Средние весы'),(2,'МВ3','Микродозирование'),(3,'ВЖД4','Жидкие добавки 1'),(4,'ВЖД5','Жидкие добавки 2'),(5,'РН6','Расходомер напыления'),(6,'РП7','Расходомер мелассы/патоки'),(7,'РВ8','Ручной ввод');
/*!40000 ALTER TABLE `doz_points` ENABLE KEYS */;
UNLOCK TABLES;

--
-- Table structure for table `gp`
--

DROP TABLE IF EXISTS `gp`;
/*!40101 SET @saved_cs_client     = @@character_set_client */;
/*!50503 SET character_set_client = utf8mb4 */;
CREATE TABLE `gp` (
  `id` int NOT NULL,
  `kod` varchar(46) NOT NULL,
  `Name` varchar(100) DEFAULT '',
  `typ` int DEFAULT '0',
  `ver` varchar(45) DEFAULT '',
  `ves` int DEFAULT '1000' COMMENT 'вес порции',
  `time_suh` int DEFAULT '30',
  `time_mok` int DEFAULT '150',
  `speedmel` float DEFAULT '10' COMMENT 'Плотность для рассчета скорости подачи мелассы',
  `plotn` int DEFAULT '1000' COMMENT 'Плотность готового продукта для расчета заполненности бункеров',
  `idRecipe` int NOT NULL DEFAULT '0',
  PRIMARY KEY (`id`),
  UNIQUE KEY `id_UNIQUE` (`id`),
  KEY `idrecip_idx` (`idRecipe`),
  CONSTRAINT `idrecip` FOREIGN KEY (`idRecipe`) REFERENCES `recipes` (`id`) ON DELETE CASCADE
) ENGINE=InnoDB DEFAULT CHARSET=utf8;
/*!40101 SET character_set_client = @saved_cs_client */;

--
-- Dumping data for table `gp`
--

LOCK TABLES `gp` WRITE;
/*!40000 ALTER TABLE `gp` DISABLE KEYS */;
INSERT INTO `gp` VALUES (1,'452П','hjkj',0,'',1000,30,150,1000,919,1);
/*!40000 ALTER TABLE `gp` ENABLE KEYS */;
UNLOCK TABLES;

--
-- Table structure for table `gpdet`
--

DROP TABLE IF EXISTS `gpdet`;
/*!40101 SET @saved_cs_client     = @@character_set_client */;
/*!50503 SET character_set_client = utf8mb4 */;
CREATE TABLE `gpdet` (
  `IdGp` int NOT NULL,
  `npp` int NOT NULL DEFAULT '0',
  `seq` int NOT NULL DEFAULT '0',
  `IdMat` int NOT NULL DEFAULT '0',
  `prc` float DEFAULT '0',
  `otkl_minus` float DEFAULT '0',
  `otkl_plus` float DEFAULT '0',
  `idDozP` int DEFAULT '0',
  PRIMARY KEY (`IdGp`,`npp`),
  CONSTRAINT `iddd` FOREIGN KEY (`IdGp`) REFERENCES `gp` (`id`) ON DELETE CASCADE
) ENGINE=InnoDB DEFAULT CHARSET=utf8;
/*!40101 SET character_set_client = @saved_cs_client */;

--
-- Dumping data for table `gpdet`
--

LOCK TABLES `gpdet` WRITE;
/*!40000 ALTER TABLE `gpdet` DISABLE KEYS */;
INSERT INTO `gpdet` VALUES (1,1,4,1,50,0,0,0),(1,2,2,7,0,0,0,2),(1,3,4,3,0,0,0,0),(1,4,3,12,4,0,0,2),(1,5,1,9,4,0,0,1),(1,6,1,2,15,0,0,0),(1,7,1,13,5,0,0,3),(1,8,1,15,2,0,0,4),(1,9,5,5,20,0,0,0);
/*!40000 ALTER TABLE `gpdet` ENABLE KEYS */;
UNLOCK TABLES;

--
-- Table structure for table `load_points`
--

DROP TABLE IF EXISTS `load_points`;
/*!40101 SET @saved_cs_client     = @@character_set_client */;
/*!50503 SET character_set_client = utf8mb4 */;
CREATE TABLE `load_points` (
  `id` int NOT NULL,
  `Name` varchar(100) DEFAULT NULL,
  PRIMARY KEY (`id`)
) ENGINE=InnoDB DEFAULT CHARSET=utf8;
/*!40101 SET character_set_client = @saved_cs_client */;

--
-- Dumping data for table `load_points`
--

LOCK TABLES `load_points` WRITE;
/*!40000 ALTER TABLE `load_points` DISABLE KEYS */;
INSERT INTO `load_points` VALUES (0,'Завальная яма зерна'),(1,'Завальная яма добавок'),(2,'Прямая засыпка');
/*!40000 ALTER TABLE `load_points` ENABLE KEYS */;
UNLOCK TABLES;

--
-- Table structure for table `materials`
--

DROP TABLE IF EXISTS `materials`;
/*!40101 SET @saved_cs_client     = @@character_set_client */;
/*!50503 SET character_set_client = utf8mb4 */;
CREATE TABLE `materials` (
  `id` int NOT NULL AUTO_INCREMENT,
  `Name` varchar(200) NOT NULL,
  `kod` int NOT NULL,
  `load` int NOT NULL,
  `doz` int NOT NULL,
  `plotn` int NOT NULL,
  `otkl_minus` float NOT NULL,
  `otkl_plus` float NOT NULL,
  `use_clear` int NOT NULL,
  `speed4` int DEFAULT '100',
  `speed3` int DEFAULT '60',
  `speed2` int DEFAULT '20',
  `speed1` int DEFAULT '10',
  `sw43` int DEFAULT '40',
  `sw32` int DEFAULT '20',
  `sw21` int DEFAULT '5',
  `stolb` float DEFAULT '2' COMMENT 'коррекция выбега',
  PRIMARY KEY (`id`),
  UNIQUE KEY `cod_UNIQUE` (`kod`)
) ENGINE=InnoDB AUTO_INCREMENT=21 DEFAULT CHARSET=utf8;
/*!40101 SET character_set_client = @saved_cs_client */;

--
-- Dumping data for table `materials`
--

LOCK TABLES `materials` WRITE;
/*!40000 ALTER TABLE `materials` DISABLE KEYS */;
INSERT INTO `materials` VALUES (1,'Рожь',1001,0,0,900,5,5,1,100,60,30,20,40,20,10,3),(2,'Пшеница  ',1230,0,0,860,3,3,1,100,60,30,20,40,20,10,3),(3,'Тритикале',1203,0,0,900,5,5,1,100,40,30,20,50,20,10,3),(4,'Шрот рапсовый',1420,0,0,1100,5,5,0,100,60,30,20,40,20,10,3),(5,'Шрот подсолнечный',1425,0,0,1100,5,5,0,100,60,30,20,40,20,10,3),(6,'Ячмень',1100,0,0,900,5,5,1,100,60,30,20,40,20,10,3),(7,'Соль  ',2010,1,1,1050,5,3,0,80,30,15,8,5,4,3,1.2),(8,'Мел',2020,1,1,1050,5,3,0,80,30,15,8,5,4,3,1.2),(9,'Добавка 3',2015,1,1,863,5,3,0,80,30,15,8,5,4,3,1.2),(10,'Добавка 4',2030,1,1,863,5,3,0,80,30,15,8,5,4,3,1.2),(11,'Монокальцийфосфат',3250,2,2,700,3,3,0,65,32,16,8,10,8,4,0.78),(12,'Прем СК-15-2',3301,2,2,700,3,3,0,65,32,16,8,10,8,4,0.78),(13,'Масло рапсовое',4010,2,3,960,3,3,0,65,32,16,8,10,8,4,2),(14,'Масло 2',4020,2,3,960,3,3,0,65,32,16,8,10,8,4,2),(15,'Жир свиной',4050,2,4,960,3,3,0,65,32,16,8,10,8,4,2),(17,'Меласса',5100,2,6,960,3,3,0,65,32,16,8,10,8,4,2),(18,'Добавка супер',6300,2,7,852,0,0,0,0,0,0,0,0,0,0,0),(19,'Добавка пупер',6201,2,7,852,0,0,0,0,0,0,0,0,0,0,0);
/*!40000 ALTER TABLE `materials` ENABLE KEYS */;
UNLOCK TABLES;

--
-- Table structure for table `messages_data`
--

DROP TABLE IF EXISTS `messages_data`;
/*!40101 SET @saved_cs_client     = @@character_set_client */;
/*!50503 SET character_set_client = utf8mb4 */;
CREATE TABLE `messages_data` (
  `Timestamp` timestamp(3) NOT NULL,
  `GroupID` int NOT NULL DEFAULT '0',
  `MessageID` int unsigned NOT NULL DEFAULT '0',
  `Kind` tinyint NOT NULL DEFAULT '0',
  `Text` char(120) DEFAULT NULL,
  PRIMARY KEY (`Timestamp`,`GroupID`,`MessageID`)
) ENGINE=InnoDB DEFAULT CHARSET=utf8;
/*!40101 SET character_set_client = @saved_cs_client */;

--
-- Dumping data for table `messages_data`
--

LOCK TABLES `messages_data` WRITE;
/*!40000 ALTER TABLE `messages_data` DISABLE KEYS */;
INSERT INTO `messages_data` VALUES ('2021-02-09 12:46:50.257',2,2,0,'Нажат аварийный стоп на шкафу управления'),('2021-02-09 12:48:38.596',2,2,0,'Нажат аварийный стоп на шкафу управления'),('2021-02-09 12:48:55.661',2,2,0,'Нажат аварийный стоп на бункерах'),('2021-02-11 05:12:13.880',2,2,0,'Нажат аварийный стоп в программе'),('2021-02-11 13:26:37.584',4,999996,1,'Переменная \"VesBunk701\" не найдена'),('2021-02-11 13:26:37.584',4,999997,1,'Переменная \"VesBunk601\" не найдена'),('2021-02-11 13:26:37.584',4,999998,1,'Переменная \"VesBunk502\" не найдена'),('2021-02-11 13:26:37.584',4,999999,1,'Переменная \"VesBunk501\" не найдена'),('2021-02-11 13:27:15.405',4,999992,1,'Переменная \"VesBunk701\" не найдена'),('2021-02-11 13:27:15.405',4,999993,1,'Переменная \"VesBunk601\" не найдена'),('2021-02-11 13:27:15.405',4,999994,1,'Переменная \"VesBunk502\" не найдена'),('2021-02-11 13:27:15.405',4,999995,1,'Переменная \"VesBunk501\" не найдена'),('2021-02-12 06:50:11.632',4,999991,1,'В бункере \"109\" не назначен материал'),('2021-02-12 06:50:11.632',4,999992,1,'В бункере \"108\" не назначен материал'),('2021-02-12 06:50:11.632',4,999993,1,'В бункере \"107\" не назначен материал'),('2021-02-12 06:50:11.632',4,999994,1,'В бункере \"106\" не назначен материал'),('2021-02-12 06:50:11.632',4,999995,1,'В бункере \"105\" не назначен материал'),('2021-02-12 06:50:11.632',4,999996,1,'В бункере \"104\" не назначен материал'),('2021-02-12 06:50:11.632',4,999997,1,'В бункере \"103\" не назначен материал'),('2021-02-12 06:50:11.632',4,999998,1,'В бункере \"102\" не назначен материал'),('2021-02-12 06:50:11.632',4,999999,1,'В бункере \"101\" не назначен материал'),('2021-02-12 06:50:11.633',4,999973,1,'В бункере \"501\" не назначен материал'),('2021-02-12 06:50:11.633',4,999974,1,'В бункере \"312\" не назначен материал'),('2021-02-12 06:50:11.633',4,999975,1,'В бункере \"311\" не назначен материал'),('2021-02-12 06:50:11.633',4,999976,1,'В бункере \"310\" не назначен материал'),('2021-02-12 06:50:11.633',4,999977,1,'В бункере \"309\" не назначен материал'),('2021-02-12 06:50:11.633',4,999978,1,'В бункере \"308\" не назначен материал'),('2021-02-12 06:50:11.633',4,999979,1,'В бункере \"307\" не назначен материал'),('2021-02-12 06:50:11.633',4,999980,1,'В бункере \"306\" не назначен материал'),('2021-02-12 06:50:11.633',4,999981,1,'В бункере \"305\" не назначен материал'),('2021-02-12 06:50:11.633',4,999982,1,'В бункере \"304\" не назначен материал'),('2021-02-12 06:50:11.633',4,999983,1,'В бункере \"303\" не назначен материал'),('2021-02-12 06:50:11.633',4,999984,1,'В бункере \"302\" не назначен материал'),('2021-02-12 06:50:11.633',4,999985,1,'В бункере \"301\" не назначен материал'),('2021-02-12 06:50:11.633',4,999986,1,'В бункере \"204\" не назначен материал'),('2021-02-12 06:50:11.633',4,999987,1,'В бункере \"203\" не назначен материал'),('2021-02-12 06:50:11.633',4,999988,1,'В бункере \"202\" не назначен материал'),('2021-02-12 06:50:11.633',4,999989,1,'В бункере \"201\" не назначен материал'),('2021-02-12 06:50:11.633',4,999990,1,'В бункере \"110\" не назначен материал'),('2021-02-12 06:50:11.634',4,999970,1,'В бункере \"701\" не назначен материал'),('2021-02-12 06:50:11.634',4,999971,1,'В бункере \"601\" не назначен материал'),('2021-02-12 06:50:11.634',4,999972,1,'В бункере \"502\" не назначен материал'),('2021-02-12 06:50:12.632',4,999969,1,'В бункере \"106\" не назначен материал'),('2021-02-12 08:16:09.493',4,999999,1,'В бункере \"101\" не назначен материал'),('2021-02-12 08:16:09.494',4,999995,1,'В бункере \"105\" не назначен материал'),('2021-02-12 08:16:09.494',4,999996,1,'В бункере \"104\" не назначен материал'),('2021-02-12 08:16:09.494',4,999997,1,'В бункере \"103\" не назначен материал'),('2021-02-12 08:16:09.494',4,999998,1,'В бункере \"102\" не назначен материал'),('2021-02-12 08:16:09.505',4,999970,1,'В бункере \"701\" не назначен материал'),('2021-02-12 08:16:09.505',4,999971,1,'В бункере \"601\" не назначен материал'),('2021-02-12 08:16:09.505',4,999972,1,'В бункере \"502\" не назначен материал'),('2021-02-12 08:16:09.505',4,999973,1,'В бункере \"501\" не назначен материал'),('2021-02-12 08:16:09.505',4,999974,1,'В бункере \"312\" не назначен материал'),('2021-02-12 08:16:09.505',4,999975,1,'В бункере \"311\" не назначен материал'),('2021-02-12 08:16:09.505',4,999976,1,'В бункере \"310\" не назначен материал'),('2021-02-12 08:16:09.505',4,999977,1,'В бункере \"309\" не назначен материал'),('2021-02-12 08:16:09.505',4,999978,1,'В бункере \"308\" не назначен материал'),('2021-02-12 08:16:09.505',4,999979,1,'В бункере \"307\" не назначен материал'),('2021-02-12 08:16:09.505',4,999980,1,'В бункере \"306\" не назначен материал'),('2021-02-12 08:16:09.505',4,999981,1,'В бункере \"305\" не назначен материал'),('2021-02-12 08:16:09.505',4,999982,1,'В бункере \"304\" не назначен материал'),('2021-02-12 08:16:09.505',4,999983,1,'В бункере \"303\" не назначен материал'),('2021-02-12 08:16:09.505',4,999984,1,'В бункере \"302\" не назначен материал'),('2021-02-12 08:16:09.505',4,999985,1,'В бункере \"301\" не назначен материал'),('2021-02-12 08:16:09.505',4,999986,1,'В бункере \"204\" не назначен материал'),('2021-02-12 08:16:09.505',4,999987,1,'В бункере \"203\" не назначен материал'),('2021-02-12 08:16:09.505',4,999988,1,'В бункере \"202\" не назначен материал'),('2021-02-12 08:16:09.505',4,999989,1,'В бункере \"201\" не назначен материал'),('2021-02-12 08:16:09.505',4,999990,1,'В бункере \"110\" не назначен материал'),('2021-02-12 08:16:09.505',4,999991,1,'В бункере \"109\" не назначен материал'),('2021-02-12 08:16:09.505',4,999992,1,'В бункере \"108\" не назначен материал'),('2021-02-12 08:16:09.505',4,999993,1,'В бункере \"107\" не назначен материал'),('2021-02-12 08:16:09.505',4,999994,1,'В бункере \"106\" не назначен материал'),('2021-02-12 08:16:10.493',4,999969,1,'В бункере \"106\" не назначен материал'),('2021-02-12 08:18:16.922',4,999968,1,'В бункере \"101\" не назначен материал'),('2021-02-12 08:18:16.922',4,999983,1,'В бункере \"304\" не назначен материал'),('2021-02-12 08:18:16.922',4,999984,1,'В бункере \"303\" не назначен материал'),('2021-02-12 08:18:16.922',4,999985,1,'В бункере \"302\" не назначен материал'),('2021-02-12 08:18:16.922',4,999986,1,'В бункере \"301\" не назначен материал'),('2021-02-12 08:18:16.922',4,999987,1,'В бункере \"204\" не назначен материал'),('2021-02-12 08:18:16.922',4,999988,1,'В бункере \"203\" не назначен материал'),('2021-02-12 08:18:16.922',4,999989,1,'В бункере \"202\" не назначен материал'),('2021-02-12 08:18:16.922',4,999990,1,'В бункере \"201\" не назначен материал'),('2021-02-12 08:18:16.922',4,999991,1,'В бункере \"110\" не назначен материал'),('2021-02-12 08:18:16.922',4,999992,1,'В бункере \"109\" не назначен материал'),('2021-02-12 08:18:16.922',4,999993,1,'В бункере \"108\" не назначен материал'),('2021-02-12 08:18:16.922',4,999994,1,'В бункере \"107\" не назначен материал'),('2021-02-12 08:18:16.922',4,999995,1,'В бункере \"106\" не назначен материал'),('2021-02-12 08:18:16.922',4,999996,1,'В бункере \"105\" не назначен материал'),('2021-02-12 08:18:16.922',4,999997,1,'В бункере \"104\" не назначен материал'),('2021-02-12 08:18:16.922',4,999998,1,'В бункере \"103\" не назначен материал'),('2021-02-12 08:18:16.922',4,999999,1,'В бункере \"102\" не назначен материал'),('2021-02-12 08:18:16.923',4,999973,1,'В бункере \"502\" не назначен материал'),('2021-02-12 08:18:16.923',4,999974,1,'В бункере \"501\" не назначен материал'),('2021-02-12 08:18:16.923',4,999975,1,'В бункере \"312\" не назначен материал'),('2021-02-12 08:18:16.923',4,999976,1,'В бункере \"311\" не назначен материал'),('2021-02-12 08:18:16.923',4,999977,1,'В бункере \"310\" не назначен материал'),('2021-02-12 08:18:16.923',4,999978,1,'В бункере \"309\" не назначен материал'),('2021-02-12 08:18:16.923',4,999979,1,'В бункере \"308\" не назначен материал'),('2021-02-12 08:18:16.923',4,999980,1,'В бункере \"307\" не назначен материал'),('2021-02-12 08:18:16.923',4,999981,1,'В бункере \"306\" не назначен материал'),('2021-02-12 08:18:16.923',4,999982,1,'В бункере \"305\" не назначен материал'),('2021-02-12 08:18:16.927',4,999971,1,'В бункере \"701\" не назначен материал'),('2021-02-12 08:18:16.927',4,999972,1,'В бункере \"601\" не назначен материал'),('2021-02-12 08:18:17.930',4,999970,1,'В бункере \"106\" не назначен материал'),('2021-02-12 08:30:28.091',4,999968,1,'В бункере \"102\" не назначен материал'),('2021-02-12 08:30:28.091',4,999969,1,'В бункере \"101\" не назначен материал'),('2021-02-12 08:30:28.091',4,999979,1,'В бункере \"309\" не назначен материал'),('2021-02-12 08:30:28.091',4,999980,1,'В бункере \"308\" не назначен материал'),('2021-02-12 08:30:28.091',4,999981,1,'В бункере \"307\" не назначен материал'),('2021-02-12 08:30:28.091',4,999982,1,'В бункере \"306\" не назначен материал'),('2021-02-12 08:30:28.091',4,999983,1,'В бункере \"305\" не назначен материал'),('2021-02-12 08:30:28.091',4,999984,1,'В бункере \"304\" не назначен материал'),('2021-02-12 08:30:28.091',4,999985,1,'В бункере \"303\" не назначен материал'),('2021-02-12 08:30:28.091',4,999986,1,'В бункере \"302\" не назначен материал'),('2021-02-12 08:30:28.091',4,999987,1,'В бункере \"301\" не назначен материал'),('2021-02-12 08:30:28.091',4,999988,1,'В бункере \"204\" не назначен материал'),('2021-02-12 08:30:28.091',4,999989,1,'В бункере \"203\" не назначен материал'),('2021-02-12 08:30:28.091',4,999990,1,'В бункере \"202\" не назначен материал'),('2021-02-12 08:30:28.091',4,999991,1,'В бункере \"201\" не назначен материал'),('2021-02-12 08:30:28.091',4,999992,1,'В бункере \"110\" не назначен материал'),('2021-02-12 08:30:28.091',4,999993,1,'В бункере \"109\" не назначен материал'),('2021-02-12 08:30:28.091',4,999994,1,'В бункере \"108\" не назначен материал'),('2021-02-12 08:30:28.091',4,999995,1,'В бункере \"107\" не назначен материал'),('2021-02-12 08:30:28.091',4,999996,1,'В бункере \"106\" не назначен материал'),('2021-02-12 08:30:28.091',4,999997,1,'В бункере \"105\" не назначен материал'),('2021-02-12 08:30:28.091',4,999998,1,'В бункере \"104\" не назначен материал'),('2021-02-12 08:30:28.091',4,999999,1,'В бункере \"103\" не назначен материал'),('2021-02-12 08:30:28.092',4,999972,1,'В бункере \"701\" не назначен материал'),('2021-02-12 08:30:28.092',4,999973,1,'В бункере \"601\" не назначен материал'),('2021-02-12 08:30:28.092',4,999974,1,'В бункере \"502\" не назначен материал'),('2021-02-12 08:30:28.092',4,999975,1,'В бункере \"501\" не назначен материал'),('2021-02-12 08:30:28.092',4,999976,1,'В бункере \"312\" не назначен материал'),('2021-02-12 08:30:28.092',4,999977,1,'В бункере \"311\" не назначен материал'),('2021-02-12 08:30:28.092',4,999978,1,'В бункере \"310\" не назначен материал'),('2021-02-12 08:30:29.097',4,999971,1,'В бункере \"106\" не назначен материал'),('2021-02-12 08:41:50.077',4,999968,1,'В бункере \"103\" не назначен материал'),('2021-02-12 08:41:50.077',4,999969,1,'В бункере \"102\" не назначен материал'),('2021-02-12 08:41:50.077',4,999970,1,'В бункере \"101\" не назначен материал'),('2021-02-12 08:41:50.077',4,999999,1,'В бункере \"104\" не назначен материал'),('2021-02-12 08:41:50.078',4,999991,1,'В бункере \"202\" не назначен материал'),('2021-02-12 08:41:50.078',4,999992,1,'В бункере \"201\" не назначен материал'),('2021-02-12 08:41:50.078',4,999993,1,'В бункере \"110\" не назначен материал'),('2021-02-12 08:41:50.078',4,999994,1,'В бункере \"109\" не назначен материал'),('2021-02-12 08:41:50.078',4,999995,1,'В бункере \"108\" не назначен материал'),('2021-02-12 08:41:50.078',4,999996,1,'В бункере \"107\" не назначен материал'),('2021-02-12 08:41:50.078',4,999997,1,'В бункере \"106\" не назначен материал'),('2021-02-12 08:41:50.078',4,999998,1,'В бункере \"105\" не назначен материал'),('2021-02-12 08:41:50.089',4,999973,1,'В бункере \"701\" не назначен материал'),('2021-02-12 08:41:50.089',4,999974,1,'В бункере \"601\" не назначен материал'),('2021-02-12 08:41:50.089',4,999975,1,'В бункере \"502\" не назначен материал'),('2021-02-12 08:41:50.089',4,999976,1,'В бункере \"501\" не назначен материал'),('2021-02-12 08:41:50.089',4,999977,1,'В бункере \"312\" не назначен материал'),('2021-02-12 08:41:50.089',4,999978,1,'В бункере \"311\" не назначен материал'),('2021-02-12 08:41:50.089',4,999979,1,'В бункере \"310\" не назначен материал'),('2021-02-12 08:41:50.089',4,999980,1,'В бункере \"309\" не назначен материал'),('2021-02-12 08:41:50.089',4,999981,1,'В бункере \"308\" не назначен материал'),('2021-02-12 08:41:50.089',4,999982,1,'В бункере \"307\" не назначен материал'),('2021-02-12 08:41:50.089',4,999983,1,'В бункере \"306\" не назначен материал'),('2021-02-12 08:41:50.089',4,999984,1,'В бункере \"305\" не назначен материал'),('2021-02-12 08:41:50.089',4,999985,1,'В бункере \"304\" не назначен материал'),('2021-02-12 08:41:50.089',4,999986,1,'В бункере \"303\" не назначен материал'),('2021-02-12 08:41:50.089',4,999987,1,'В бункере \"302\" не назначен материал'),('2021-02-12 08:41:50.089',4,999988,1,'В бункере \"301\" не назначен материал'),('2021-02-12 08:41:50.089',4,999989,1,'В бункере \"204\" не назначен материал'),('2021-02-12 08:41:50.089',4,999990,1,'В бункере \"203\" не назначен материал'),('2021-02-12 08:41:51.076',4,999972,1,'В бункере \"106\" не назначен материал'),('2021-02-12 09:34:31.424',4,999990,1,'В бункере \"110\" не назначен материал'),('2021-02-12 09:34:31.424',4,999991,1,'В бункере \"109\" не назначен материал'),('2021-02-12 09:34:31.424',4,999992,1,'В бункере \"108\" не назначен материал'),('2021-02-12 09:34:31.424',4,999993,1,'В бункере \"107\" не назначен материал'),('2021-02-12 09:34:31.424',4,999994,1,'В бункере \"106\" не назначен материал'),('2021-02-12 09:34:31.424',4,999995,1,'В бункере \"105\" не назначен материал'),('2021-02-12 09:34:31.424',4,999996,1,'В бункере \"104\" не назначен материал'),('2021-02-12 09:34:31.424',4,999997,1,'В бункере \"103\" не назначен материал'),('2021-02-12 09:34:31.424',4,999998,1,'В бункере \"102\" не назначен материал'),('2021-02-12 09:34:31.424',4,999999,1,'В бункере \"101\" не назначен материал'),('2021-02-12 09:34:31.425',4,999980,1,'В бункере \"306\" не назначен материал'),('2021-02-12 09:34:31.425',4,999981,1,'В бункере \"305\" не назначен материал'),('2021-02-12 09:34:31.425',4,999982,1,'В бункере \"304\" не назначен материал'),('2021-02-12 09:34:31.425',4,999983,1,'В бункере \"303\" не назначен материал'),('2021-02-12 09:34:31.425',4,999984,1,'В бункере \"302\" не назначен материал'),('2021-02-12 09:34:31.425',4,999985,1,'В бункере \"301\" не назначен материал'),('2021-02-12 09:34:31.425',4,999986,1,'В бункере \"204\" не назначен материал'),('2021-02-12 09:34:31.425',4,999987,1,'В бункере \"203\" не назначен материал'),('2021-02-12 09:34:31.425',4,999988,1,'В бункере \"202\" не назначен материал'),('2021-02-12 09:34:31.425',4,999989,1,'В бункере \"201\" не назначен материал'),('2021-02-12 09:34:31.430',4,999978,1,'В бункере \"308\" не назначен материал'),('2021-02-12 09:34:31.430',4,999979,1,'В бункере \"307\" не назначен материал'),('2021-02-12 09:34:31.432',4,999975,1,'В бункере \"311\" не назначен материал'),('2021-02-12 09:34:31.432',4,999976,1,'В бункере \"310\" не назначен материал'),('2021-02-12 09:34:31.432',4,999977,1,'В бункере \"309\" не назначен материал'),('2021-02-12 09:34:31.433',4,999970,1,'В бункере \"701\" не назначен материал'),('2021-02-12 09:34:31.433',4,999971,1,'В бункере \"601\" не назначен материал'),('2021-02-12 09:34:31.433',4,999972,1,'В бункере \"502\" не назначен материал'),('2021-02-12 09:34:31.433',4,999973,1,'В бункере \"501\" не назначен материал'),('2021-02-12 09:34:31.433',4,999974,1,'В бункере \"312\" не назначен материал'),('2021-02-12 09:34:32.450',4,999969,1,'В бункере \"106\" не назначен материал'),('2021-02-12 11:48:14.648',4,999992,1,'В бункере \"108\" не назначен материал'),('2021-02-12 11:48:14.648',4,999993,1,'В бункере \"107\" не назначен материал'),('2021-02-12 11:48:14.648',4,999994,1,'В бункере \"106\" не назначен материал'),('2021-02-12 11:48:14.648',4,999995,1,'В бункере \"105\" не назначен материал'),('2021-02-12 11:48:14.648',4,999996,1,'В бункере \"104\" не назначен материал'),('2021-02-12 11:48:14.648',4,999997,1,'В бункере \"103\" не назначен материал'),('2021-02-12 11:48:14.648',4,999998,1,'В бункере \"102\" не назначен материал'),('2021-02-12 11:48:14.648',4,999999,1,'В бункере \"101\" не назначен материал'),('2021-02-12 11:48:14.649',4,999976,1,'В бункере \"310\" не назначен материал'),('2021-02-12 11:48:14.649',4,999977,1,'В бункере \"309\" не назначен материал'),('2021-02-12 11:48:14.649',4,999978,1,'В бункере \"308\" не назначен материал'),('2021-02-12 11:48:14.649',4,999979,1,'В бункере \"307\" не назначен материал'),('2021-02-12 11:48:14.649',4,999980,1,'В бункере \"306\" не назначен материал'),('2021-02-12 11:48:14.649',4,999981,1,'В бункере \"305\" не назначен материал'),('2021-02-12 11:48:14.649',4,999982,1,'В бункере \"304\" не назначен материал'),('2021-02-12 11:48:14.649',4,999983,1,'В бункере \"303\" не назначен материал'),('2021-02-12 11:48:14.649',4,999984,1,'В бункере \"302\" не назначен материал'),('2021-02-12 11:48:14.649',4,999985,1,'В бункере \"301\" не назначен материал'),('2021-02-12 11:48:14.649',4,999986,1,'В бункере \"204\" не назначен материал'),('2021-02-12 11:48:14.649',4,999987,1,'В бункере \"203\" не назначен материал'),('2021-02-12 11:48:14.649',4,999988,1,'В бункере \"202\" не назначен материал'),('2021-02-12 11:48:14.649',4,999989,1,'В бункере \"201\" не назначен материал'),('2021-02-12 11:48:14.649',4,999990,1,'В бункере \"110\" не назначен материал'),('2021-02-12 11:48:14.649',4,999991,1,'В бункере \"109\" не назначен материал'),('2021-02-12 11:48:14.650',4,999970,1,'В бункере \"701\" не назначен материал'),('2021-02-12 11:48:14.650',4,999971,1,'В бункере \"601\" не назначен материал'),('2021-02-12 11:48:14.650',4,999972,1,'В бункере \"502\" не назначен материал'),('2021-02-12 11:48:14.650',4,999973,1,'В бункере \"501\" не назначен материал'),('2021-02-12 11:48:14.650',4,999974,1,'В бункере \"312\" не назначен материал'),('2021-02-12 11:48:14.650',4,999975,1,'В бункере \"311\" не назначен материал'),('2021-02-12 11:48:15.651',4,999969,1,'В бункере \"106\" не назначен материал'),('2021-02-12 11:49:28.872',4,999968,1,'В бункере \"101\" не назначен материал'),('2021-02-12 11:49:28.872',4,999996,1,'В бункере \"105\" не назначен материал'),('2021-02-12 11:49:28.872',4,999997,1,'В бункере \"104\" не назначен материал'),('2021-02-12 11:49:28.872',4,999998,1,'В бункере \"103\" не назначен материал'),('2021-02-12 11:49:28.872',4,999999,1,'В бункере \"102\" не назначен материал'),('2021-02-12 11:49:28.873',4,999976,1,'В бункере \"311\" не назначен материал'),('2021-02-12 11:49:28.873',4,999977,1,'В бункере \"310\" не назначен материал'),('2021-02-12 11:49:28.873',4,999978,1,'В бункере \"309\" не назначен материал'),('2021-02-12 11:49:28.873',4,999979,1,'В бункере \"308\" не назначен материал'),('2021-02-12 11:49:28.873',4,999980,1,'В бункере \"307\" не назначен материал'),('2021-02-12 11:49:28.873',4,999981,1,'В бункере \"306\" не назначен материал'),('2021-02-12 11:49:28.873',4,999982,1,'В бункере \"305\" не назначен материал'),('2021-02-12 11:49:28.873',4,999983,1,'В бункере \"304\" не назначен материал'),('2021-02-12 11:49:28.873',4,999984,1,'В бункере \"303\" не назначен материал'),('2021-02-12 11:49:28.873',4,999985,1,'В бункере \"302\" не назначен материал'),('2021-02-12 11:49:28.873',4,999986,1,'В бункере \"301\" не назначен материал'),('2021-02-12 11:49:28.873',4,999987,1,'В бункере \"204\" не назначен материал'),('2021-02-12 11:49:28.873',4,999988,1,'В бункере \"203\" не назначен материал'),('2021-02-12 11:49:28.873',4,999989,1,'В бункере \"202\" не назначен материал'),('2021-02-12 11:49:28.873',4,999990,1,'В бункере \"201\" не назначен материал'),('2021-02-12 11:49:28.873',4,999991,1,'В бункере \"110\" не назначен материал'),('2021-02-12 11:49:28.873',4,999992,1,'В бункере \"109\" не назначен материал'),('2021-02-12 11:49:28.873',4,999993,1,'В бункере \"108\" не назначен материал'),('2021-02-12 11:49:28.873',4,999994,1,'В бункере \"107\" не назначен материал'),('2021-02-12 11:49:28.873',4,999995,1,'В бункере \"106\" не назначен материал'),('2021-02-12 11:49:28.884',4,999971,1,'В бункере \"701\" не назначен материал'),('2021-02-12 11:49:28.884',4,999972,1,'В бункере \"601\" не назначен материал'),('2021-02-12 11:49:28.884',4,999973,1,'В бункере \"502\" не назначен материал'),('2021-02-12 11:49:28.884',4,999974,1,'В бункере \"501\" не назначен материал'),('2021-02-12 11:49:28.884',4,999975,1,'В бункере \"312\" не назначен материал'),('2021-02-12 11:49:29.852',4,999970,1,'В бункере \"106\" не назначен материал'),('2021-02-12 12:03:56.175',4,999968,1,'В бункере \"102\" не назначен материал'),('2021-02-12 12:03:56.175',4,999969,1,'В бункере \"101\" не назначен материал'),('2021-02-12 12:03:56.179',4,999987,1,'В бункере \"301\" не назначен материал'),('2021-02-12 12:03:56.179',4,999988,1,'В бункере \"204\" не назначен материал'),('2021-02-12 12:03:56.179',4,999989,1,'В бункере \"203\" не назначен материал'),('2021-02-12 12:03:56.179',4,999990,1,'В бункере \"202\" не назначен материал'),('2021-02-12 12:03:56.179',4,999991,1,'В бункере \"201\" не назначен материал'),('2021-02-12 12:03:56.179',4,999992,1,'В бункере \"110\" не назначен материал'),('2021-02-12 12:03:56.179',4,999993,1,'В бункере \"109\" не назначен материал'),('2021-02-12 12:03:56.179',4,999994,1,'В бункере \"108\" не назначен материал'),('2021-02-12 12:03:56.179',4,999995,1,'В бункере \"107\" не назначен материал'),('2021-02-12 12:03:56.179',4,999996,1,'В бункере \"106\" не назначен материал'),('2021-02-12 12:03:56.179',4,999997,1,'В бункере \"105\" не назначен материал'),('2021-02-12 12:03:56.179',4,999998,1,'В бункере \"104\" не назначен материал'),('2021-02-12 12:03:56.179',4,999999,1,'В бункере \"103\" не назначен материал'),('2021-02-12 12:03:56.180',4,999972,1,'В бункере \"701\" не назначен материал'),('2021-02-12 12:03:56.180',4,999973,1,'В бункере \"601\" не назначен материал'),('2021-02-12 12:03:56.180',4,999974,1,'В бункере \"502\" не назначен материал'),('2021-02-12 12:03:56.180',4,999975,1,'В бункере \"501\" не назначен материал'),('2021-02-12 12:03:56.180',4,999976,1,'В бункере \"312\" не назначен материал'),('2021-02-12 12:03:56.180',4,999977,1,'В бункере \"311\" не назначен материал'),('2021-02-12 12:03:56.180',4,999978,1,'В бункере \"310\" не назначен материал'),('2021-02-12 12:03:56.180',4,999979,1,'В бункере \"309\" не назначен материал'),('2021-02-12 12:03:56.180',4,999980,1,'В бункере \"308\" не назначен материал'),('2021-02-12 12:03:56.180',4,999981,1,'В бункере \"307\" не назначен материал'),('2021-02-12 12:03:56.180',4,999982,1,'В бункере \"306\" не назначен материал'),('2021-02-12 12:03:56.180',4,999983,1,'В бункере \"305\" не назначен материал'),('2021-02-12 12:03:56.180',4,999984,1,'В бункере \"304\" не назначен материал'),('2021-02-12 12:03:56.180',4,999985,1,'В бункере \"303\" не назначен материал'),('2021-02-12 12:03:56.180',4,999986,1,'В бункере \"302\" не назначен материал'),('2021-02-12 12:03:57.206',4,999971,1,'В бункере \"106\" не назначен материал'),('2021-02-12 12:07:32.305',4,999968,1,'В бункере \"103\" не назначен материал'),('2021-02-12 12:07:32.305',4,999969,1,'В бункере \"102\" не назначен материал'),('2021-02-12 12:07:32.305',4,999970,1,'В бункере \"101\" не назначен материал'),('2021-02-12 12:07:32.305',4,999989,1,'В бункере \"204\" не назначен материал'),('2021-02-12 12:07:32.305',4,999990,1,'В бункере \"203\" не назначен материал'),('2021-02-12 12:07:32.305',4,999991,1,'В бункере \"202\" не назначен материал'),('2021-02-12 12:07:32.305',4,999992,1,'В бункере \"201\" не назначен материал'),('2021-02-12 12:07:32.305',4,999993,1,'В бункере \"110\" не назначен материал'),('2021-02-12 12:07:32.305',4,999994,1,'В бункере \"109\" не назначен материал'),('2021-02-12 12:07:32.305',4,999995,1,'В бункере \"108\" не назначен материал'),('2021-02-12 12:07:32.305',4,999996,1,'В бункере \"107\" не назначен материал'),('2021-02-12 12:07:32.305',4,999997,1,'В бункере \"106\" не назначен материал'),('2021-02-12 12:07:32.305',4,999998,1,'В бункере \"105\" не назначен материал'),('2021-02-12 12:07:32.305',4,999999,1,'В бункере \"104\" не назначен материал'),('2021-02-12 12:07:32.306',4,999973,1,'В бункере \"701\" не назначен материал'),('2021-02-12 12:07:32.306',4,999974,1,'В бункере \"601\" не назначен материал'),('2021-02-12 12:07:32.306',4,999975,1,'В бункере \"502\" не назначен материал'),('2021-02-12 12:07:32.306',4,999976,1,'В бункере \"501\" не назначен материал'),('2021-02-12 12:07:32.306',4,999977,1,'В бункере \"312\" не назначен материал'),('2021-02-12 12:07:32.306',4,999978,1,'В бункере \"311\" не назначен материал'),('2021-02-12 12:07:32.306',4,999979,1,'В бункере \"310\" не назначен материал'),('2021-02-12 12:07:32.306',4,999980,1,'В бункере \"309\" не назначен материал'),('2021-02-12 12:07:32.306',4,999981,1,'В бункере \"308\" не назначен материал'),('2021-02-12 12:07:32.306',4,999982,1,'В бункере \"307\" не назначен материал'),('2021-02-12 12:07:32.306',4,999983,1,'В бункере \"306\" не назначен материал'),('2021-02-12 12:07:32.306',4,999984,1,'В бункере \"305\" не назначен материал'),('2021-02-12 12:07:32.306',4,999985,1,'В бункере \"304\" не назначен материал'),('2021-02-12 12:07:32.306',4,999986,1,'В бункере \"303\" не назначен материал'),('2021-02-12 12:07:32.306',4,999987,1,'В бункере \"302\" не назначен материал'),('2021-02-12 12:07:32.306',4,999988,1,'В бункере \"301\" не назначен материал'),('2021-02-12 12:07:33.284',4,999972,1,'В бункере \"106\" не назначен материал'),('2021-02-12 12:10:29.946',4,999970,1,'В бункере \"102\" не назначен материал'),('2021-02-12 12:10:29.946',4,999971,1,'В бункере \"101\" не назначен материал'),('2021-02-12 12:10:29.947',4,999968,1,'В бункере \"104\" не назначен материал'),('2021-02-12 12:10:29.947',4,999969,1,'В бункере \"103\" не назначен материал'),('2021-02-12 12:10:29.947',4,999997,1,'В бункере \"107\" не назначен материал'),('2021-02-12 12:10:29.947',4,999998,1,'В бункере \"106\" не назначен материал'),('2021-02-12 12:10:29.947',4,999999,1,'В бункере \"105\" не назначен материал'),('2021-02-12 12:10:29.948',4,999995,1,'В бункере \"109\" не назначен материал'),('2021-02-12 12:10:29.948',4,999996,1,'В бункере \"108\" не назначен материал'),('2021-02-12 12:10:29.949',4,999993,1,'В бункере \"201\" не назначен материал'),('2021-02-12 12:10:29.949',4,999994,1,'В бункере \"110\" не назначен материал'),('2021-02-12 12:10:29.950',4,999974,1,'В бункере \"701\" не назначен материал'),('2021-02-12 12:10:29.950',4,999975,1,'В бункере \"601\" не назначен материал'),('2021-02-12 12:10:29.950',4,999976,1,'В бункере \"502\" не назначен материал'),('2021-02-12 12:10:29.950',4,999977,1,'В бункере \"501\" не назначен материал'),('2021-02-12 12:10:29.950',4,999978,1,'В бункере \"312\" не назначен материал'),('2021-02-12 12:10:29.950',4,999979,1,'В бункере \"311\" не назначен материал'),('2021-02-12 12:10:29.950',4,999980,1,'В бункере \"310\" не назначен материал'),('2021-02-12 12:10:29.950',4,999981,1,'В бункере \"309\" не назначен материал'),('2021-02-12 12:10:29.950',4,999982,1,'В бункере \"308\" не назначен материал'),('2021-02-12 12:10:29.950',4,999983,1,'В бункере \"307\" не назначен материал'),('2021-02-12 12:10:29.950',4,999984,1,'В бункере \"306\" не назначен материал'),('2021-02-12 12:10:29.950',4,999985,1,'В бункере \"305\" не назначен материал'),('2021-02-12 12:10:29.950',4,999986,1,'В бункере \"304\" не назначен материал'),('2021-02-12 12:10:29.950',4,999987,1,'В бункере \"303\" не назначен материал'),('2021-02-12 12:10:29.950',4,999988,1,'В бункере \"302\" не назначен материал'),('2021-02-12 12:10:29.950',4,999989,1,'В бункере \"301\" не назначен материал'),('2021-02-12 12:10:29.950',4,999990,1,'В бункере \"204\" не назначен материал'),('2021-02-12 12:10:29.950',4,999991,1,'В бункере \"203\" не назначен материал'),('2021-02-12 12:10:29.950',4,999992,1,'В бункере \"202\" не назначен материал'),('2021-02-12 12:10:30.978',4,999973,1,'В бункере \"106\" не назначен материал'),('2021-02-12 12:16:52.919',4,999968,1,'В бункере \"105\" не назначен материал'),('2021-02-12 12:16:52.919',4,999969,1,'В бункере \"104\" не назначен материал'),('2021-02-12 12:16:52.919',4,999970,1,'В бункере \"103\" не назначен материал'),('2021-02-12 12:16:52.919',4,999971,1,'В бункере \"102\" не назначен материал'),('2021-02-12 12:16:52.919',4,999972,1,'В бункере \"101\" не назначен материал'),('2021-02-12 12:16:52.919',4,999985,1,'В бункере \"306\" не назначен материал'),('2021-02-12 12:16:52.919',4,999986,1,'В бункере \"305\" не назначен материал'),('2021-02-12 12:16:52.919',4,999987,1,'В бункере \"304\" не назначен материал'),('2021-02-12 12:16:52.919',4,999988,1,'В бункере \"303\" не назначен материал'),('2021-02-12 12:16:52.919',4,999989,1,'В бункере \"302\" не назначен материал'),('2021-02-12 12:16:52.919',4,999990,1,'В бункере \"301\" не назначен материал'),('2021-02-12 12:16:52.919',4,999991,1,'В бункере \"204\" не назначен материал'),('2021-02-12 12:16:52.919',4,999992,1,'В бункере \"203\" не назначен материал'),('2021-02-12 12:16:52.919',4,999993,1,'В бункере \"202\" не назначен материал'),('2021-02-12 12:16:52.919',4,999994,1,'В бункере \"201\" не назначен материал'),('2021-02-12 12:16:52.919',4,999995,1,'В бункере \"110\" не назначен материал'),('2021-02-12 12:16:52.919',4,999996,1,'В бункере \"109\" не назначен материал'),('2021-02-12 12:16:52.919',4,999997,1,'В бункере \"108\" не назначен материал'),('2021-02-12 12:16:52.919',4,999998,1,'В бункере \"107\" не назначен материал'),('2021-02-12 12:16:52.919',4,999999,1,'В бункере \"106\" не назначен материал'),('2021-02-12 12:16:52.920',4,999975,1,'В бункере \"701\" не назначен материал'),('2021-02-12 12:16:52.920',4,999976,1,'В бункере \"601\" не назначен материал'),('2021-02-12 12:16:52.920',4,999977,1,'В бункере \"502\" не назначен материал'),('2021-02-12 12:16:52.920',4,999978,1,'В бункере \"501\" не назначен материал'),('2021-02-12 12:16:52.920',4,999979,1,'В бункере \"312\" не назначен материал'),('2021-02-12 12:16:52.920',4,999980,1,'В бункере \"311\" не назначен материал'),('2021-02-12 12:16:52.920',4,999981,1,'В бункере \"310\" не назначен материал'),('2021-02-12 12:16:52.920',4,999982,1,'В бункере \"309\" не назначен материал'),('2021-02-12 12:16:52.920',4,999983,1,'В бункере \"308\" не назначен материал'),('2021-02-12 12:16:52.920',4,999984,1,'В бункере \"307\" не назначен материал'),('2021-02-12 12:16:53.902',4,999974,1,'В бункере \"106\" не назначен материал'),('2021-02-12 12:19:52.113',4,999968,1,'В бункере \"106\" не назначен материал'),('2021-02-12 12:19:52.113',4,999969,1,'В бункере \"105\" не назначен материал'),('2021-02-12 12:19:52.113',4,999970,1,'В бункере \"104\" не назначен материал'),('2021-02-12 12:19:52.113',4,999971,1,'В бункере \"103\" не назначен материал'),('2021-02-12 12:19:52.113',4,999972,1,'В бункере \"102\" не назначен материал'),('2021-02-12 12:19:52.113',4,999973,1,'В бункере \"101\" не назначен материал'),('2021-02-12 12:19:52.113',4,999985,1,'В бункере \"307\" не назначен материал'),('2021-02-12 12:19:52.113',4,999986,1,'В бункере \"306\" не назначен материал'),('2021-02-12 12:19:52.113',4,999987,1,'В бункере \"305\" не назначен материал'),('2021-02-12 12:19:52.113',4,999988,1,'В бункере \"304\" не назначен материал'),('2021-02-12 12:19:52.113',4,999989,1,'В бункере \"303\" не назначен материал'),('2021-02-12 12:19:52.113',4,999990,1,'В бункере \"302\" не назначен материал'),('2021-02-12 12:19:52.113',4,999991,1,'В бункере \"301\" не назначен материал'),('2021-02-12 12:19:52.113',4,999992,1,'В бункере \"204\" не назначен материал'),('2021-02-12 12:19:52.113',4,999993,1,'В бункере \"203\" не назначен материал'),('2021-02-12 12:19:52.113',4,999994,1,'В бункере \"202\" не назначен материал'),('2021-02-12 12:19:52.113',4,999995,1,'В бункере \"201\" не назначен материал'),('2021-02-12 12:19:52.113',4,999996,1,'В бункере \"110\" не назначен материал'),('2021-02-12 12:19:52.113',4,999997,1,'В бункере \"109\" не назначен материал'),('2021-02-12 12:19:52.113',4,999998,1,'В бункере \"108\" не назначен материал'),('2021-02-12 12:19:52.113',4,999999,1,'В бункере \"107\" не назначен материал'),('2021-02-12 12:19:52.114',4,999976,1,'В бункере \"701\" не назначен материал'),('2021-02-12 12:19:52.114',4,999977,1,'В бункере \"601\" не назначен материал'),('2021-02-12 12:19:52.114',4,999978,1,'В бункере \"502\" не назначен материал'),('2021-02-12 12:19:52.114',4,999979,1,'В бункере \"501\" не назначен материал'),('2021-02-12 12:19:52.114',4,999980,1,'В бункере \"312\" не назначен материал'),('2021-02-12 12:19:52.114',4,999981,1,'В бункере \"311\" не назначен материал'),('2021-02-12 12:19:52.114',4,999982,1,'В бункере \"310\" не назначен материал'),('2021-02-12 12:19:52.114',4,999983,1,'В бункере \"309\" не назначен материал'),('2021-02-12 12:19:52.114',4,999984,1,'В бункере \"308\" не назначен материал'),('2021-02-12 12:19:53.134',4,999975,1,'В бункере \"106\" не назначен материал'),('2021-02-12 12:22:23.716',4,999968,1,'В бункере \"107\" не назначен материал'),('2021-02-12 12:22:23.716',4,999969,1,'В бункере \"106\" не назначен материал'),('2021-02-12 12:22:23.716',4,999970,1,'В бункере \"105\" не назначен материал'),('2021-02-12 12:22:23.716',4,999971,1,'В бункере \"104\" не назначен материал'),('2021-02-12 12:22:23.716',4,999972,1,'В бункере \"103\" не назначен материал'),('2021-02-12 12:22:23.716',4,999973,1,'В бункере \"102\" не назначен материал'),('2021-02-12 12:22:23.716',4,999974,1,'В бункере \"101\" не назначен материал'),('2021-02-12 12:22:23.716',4,999999,1,'В бункере \"108\" не назначен материал'),('2021-02-12 12:22:23.717',4,999987,1,'В бункере \"306\" не назначен материал'),('2021-02-12 12:22:23.717',4,999988,1,'В бункере \"305\" не назначен материал'),('2021-02-12 12:22:23.717',4,999989,1,'В бункере \"304\" не назначен материал'),('2021-02-12 12:22:23.717',4,999990,1,'В бункере \"303\" не назначен материал'),('2021-02-12 12:22:23.717',4,999991,1,'В бункере \"302\" не назначен материал'),('2021-02-12 12:22:23.717',4,999992,1,'В бункере \"301\" не назначен материал'),('2021-02-12 12:22:23.717',4,999993,1,'В бункере \"204\" не назначен материал'),('2021-02-12 12:22:23.717',4,999994,1,'В бункере \"203\" не назначен материал'),('2021-02-12 12:22:23.717',4,999995,1,'В бункере \"202\" не назначен материал'),('2021-02-12 12:22:23.717',4,999996,1,'В бункере \"201\" не назначен материал'),('2021-02-12 12:22:23.717',4,999997,1,'В бункере \"110\" не назначен материал'),('2021-02-12 12:22:23.717',4,999998,1,'В бункере \"109\" не назначен материал'),('2021-02-12 12:22:23.718',4,999983,1,'В бункере \"310\" не назначен материал'),('2021-02-12 12:22:23.718',4,999984,1,'В бункере \"309\" не назначен материал'),('2021-02-12 12:22:23.718',4,999985,1,'В бункере \"308\" не назначен материал'),('2021-02-12 12:22:23.718',4,999986,1,'В бункере \"307\" не назначен материал'),('2021-02-12 12:22:23.719',4,999977,1,'В бункере \"701\" не назначен материал'),('2021-02-12 12:22:23.719',4,999978,1,'В бункере \"601\" не назначен материал'),('2021-02-12 12:22:23.719',4,999979,1,'В бункере \"502\" не назначен материал'),('2021-02-12 12:22:23.719',4,999980,1,'В бункере \"501\" не назначен материал'),('2021-02-12 12:22:23.719',4,999981,1,'В бункере \"312\" не назначен материал'),('2021-02-12 12:22:23.719',4,999982,1,'В бункере \"311\" не назначен материал'),('2021-02-12 12:22:24.710',4,999976,1,'В бункере \"106\" не назначен материал'),('2021-02-12 12:26:36.620',4,999968,1,'В бункере \"108\" не назначен материал'),('2021-02-12 12:26:36.620',4,999969,1,'В бункере \"107\" не назначен материал'),('2021-02-12 12:26:36.620',4,999970,1,'В бункере \"106\" не назначен материал'),('2021-02-12 12:26:36.620',4,999971,1,'В бункере \"105\" не назначен материал'),('2021-02-12 12:26:36.620',4,999972,1,'В бункере \"104\" не назначен материал'),('2021-02-12 12:26:36.620',4,999973,1,'В бункере \"103\" не назначен материал'),('2021-02-12 12:26:36.620',4,999974,1,'В бункере \"102\" не назначен материал'),('2021-02-12 12:26:36.620',4,999975,1,'В бункере \"101\" не назначен материал'),('2021-02-12 12:26:36.620',4,999989,1,'В бункере \"305\" не назначен материал'),('2021-02-12 12:26:36.620',4,999990,1,'В бункере \"304\" не назначен материал'),('2021-02-12 12:26:36.620',4,999991,1,'В бункере \"303\" не назначен материал'),('2021-02-12 12:26:36.620',4,999992,1,'В бункере \"302\" не назначен материал'),('2021-02-12 12:26:36.620',4,999993,1,'В бункере \"301\" не назначен материал'),('2021-02-12 12:26:36.620',4,999994,1,'В бункере \"204\" не назначен материал'),('2021-02-12 12:26:36.620',4,999995,1,'В бункере \"203\" не назначен материал'),('2021-02-12 12:26:36.620',4,999996,1,'В бункере \"202\" не назначен материал'),('2021-02-12 12:26:36.620',4,999997,1,'В бункере \"201\" не назначен материал'),('2021-02-12 12:26:36.620',4,999998,1,'В бункере \"110\" не назначен материал'),('2021-02-12 12:26:36.620',4,999999,1,'В бункере \"109\" не назначен материал'),('2021-02-12 12:26:36.621',4,999978,1,'В бункере \"701\" не назначен материал'),('2021-02-12 12:26:36.621',4,999979,1,'В бункере \"601\" не назначен материал'),('2021-02-12 12:26:36.621',4,999980,1,'В бункере \"502\" не назначен материал'),('2021-02-12 12:26:36.621',4,999981,1,'В бункере \"501\" не назначен материал'),('2021-02-12 12:26:36.621',4,999982,1,'В бункере \"312\" не назначен материал'),('2021-02-12 12:26:36.621',4,999983,1,'В бункере \"311\" не назначен материал'),('2021-02-12 12:26:36.621',4,999984,1,'В бункере \"310\" не назначен материал'),('2021-02-12 12:26:36.621',4,999985,1,'В бункере \"309\" не назначен материал'),('2021-02-12 12:26:36.621',4,999986,1,'В бункере \"308\" не назначен материал'),('2021-02-12 12:26:36.621',4,999987,1,'В бункере \"307\" не назначен материал'),('2021-02-12 12:26:36.621',4,999988,1,'В бункере \"306\" не назначен материал'),('2021-02-12 12:26:37.662',4,999977,1,'В бункере \"106\" не назначен материал'),('2021-02-12 12:29:20.941',4,999972,1,'В бункере \"105\" не назначен материал'),('2021-02-12 12:29:20.941',4,999973,1,'В бункере \"104\" не назначен материал'),('2021-02-12 12:29:20.941',4,999974,1,'В бункере \"103\" не назначен материал'),('2021-02-12 12:29:20.941',4,999975,1,'В бункере \"102\" не назначен материал'),('2021-02-12 12:29:20.941',4,999976,1,'В бункере \"101\" не назначен материал'),('2021-02-12 12:29:20.942',4,999970,1,'В бункере \"107\" не назначен материал'),('2021-02-12 12:29:20.942',4,999971,1,'В бункере \"106\" не назначен материал'),('2021-02-12 12:29:20.943',4,999968,1,'В бункере \"109\" не назначен материал'),('2021-02-12 12:29:20.943',4,999969,1,'В бункере \"108\" не назначен материал'),('2021-02-12 12:29:20.943',4,999998,1,'В бункере \"201\" не назначен материал'),('2021-02-12 12:29:20.943',4,999999,1,'В бункере \"110\" не назначен материал'),('2021-02-12 12:29:20.945',4,999997,1,'В бункере \"202\" не назначен материал'),('2021-02-12 12:29:20.946',4,999989,1,'В бункере \"306\" не назначен материал'),('2021-02-12 12:29:20.946',4,999990,1,'В бункере \"305\" не назначен материал'),('2021-02-12 12:29:20.946',4,999991,1,'В бункере \"304\" не назначен материал'),('2021-02-12 12:29:20.946',4,999992,1,'В бункере \"303\" не назначен материал'),('2021-02-12 12:29:20.946',4,999993,1,'В бункере \"302\" не назначен материал'),('2021-02-12 12:29:20.946',4,999994,1,'В бункере \"301\" не назначен материал'),('2021-02-12 12:29:20.946',4,999995,1,'В бункере \"204\" не назначен материал'),('2021-02-12 12:29:20.946',4,999996,1,'В бункере \"203\" не назначен материал'),('2021-02-12 12:29:20.947',4,999979,1,'В бункере \"701\" не назначен материал'),('2021-02-12 12:29:20.947',4,999980,1,'В бункере \"601\" не назначен материал'),('2021-02-12 12:29:20.947',4,999981,1,'В бункере \"502\" не назначен материал'),('2021-02-12 12:29:20.947',4,999982,1,'В бункере \"501\" не назначен материал'),('2021-02-12 12:29:20.947',4,999983,1,'В бункере \"312\" не назначен материал'),('2021-02-12 12:29:20.947',4,999984,1,'В бункере \"311\" не назначен материал'),('2021-02-12 12:29:20.947',4,999985,1,'В бункере \"310\" не назначен материал'),('2021-02-12 12:29:20.947',4,999986,1,'В бункере \"309\" не назначен материал'),('2021-02-12 12:29:20.947',4,999987,1,'В бункере \"308\" не назначен материал'),('2021-02-12 12:29:20.947',4,999988,1,'В бункере \"307\" не назначен материал'),('2021-02-12 12:29:21.954',4,999978,1,'В бункере \"106\" не назначен материал'),('2021-02-12 12:31:47.523',4,999973,1,'В бункере \"105\" не назначен материал'),('2021-02-12 12:31:47.523',4,999974,1,'В бункере \"104\" не назначен материал'),('2021-02-12 12:31:47.523',4,999975,1,'В бункере \"103\" не назначен материал'),('2021-02-12 12:31:47.523',4,999976,1,'В бункере \"102\" не назначен материал'),('2021-02-12 12:31:47.523',4,999977,1,'В бункере \"101\" не назначен материал'),('2021-02-12 12:31:47.524',4,999968,1,'В бункере \"110\" не назначен материал'),('2021-02-12 12:31:47.524',4,999969,1,'В бункере \"109\" не назначен материал'),('2021-02-12 12:31:47.524',4,999970,1,'В бункере \"108\" не назначен материал'),('2021-02-12 12:31:47.524',4,999971,1,'В бункере \"107\" не назначен материал'),('2021-02-12 12:31:47.524',4,999972,1,'В бункере \"106\" не назначен материал'),('2021-02-12 12:31:47.524',4,999983,1,'В бункере \"501\" не назначен материал'),('2021-02-12 12:31:47.524',4,999984,1,'В бункере \"312\" не назначен материал'),('2021-02-12 12:31:47.524',4,999985,1,'В бункере \"311\" не назначен материал'),('2021-02-12 12:31:47.524',4,999986,1,'В бункере \"310\" не назначен материал'),('2021-02-12 12:31:47.524',4,999987,1,'В бункере \"309\" не назначен материал'),('2021-02-12 12:31:47.524',4,999988,1,'В бункере \"308\" не назначен материал'),('2021-02-12 12:31:47.524',4,999989,1,'В бункере \"307\" не назначен материал'),('2021-02-12 12:31:47.524',4,999990,1,'В бункере \"306\" не назначен материал'),('2021-02-12 12:31:47.524',4,999991,1,'В бункере \"305\" не назначен материал'),('2021-02-12 12:31:47.524',4,999992,1,'В бункере \"304\" не назначен материал'),('2021-02-12 12:31:47.524',4,999993,1,'В бункере \"303\" не назначен материал'),('2021-02-12 12:31:47.524',4,999994,1,'В бункере \"302\" не назначен материал'),('2021-02-12 12:31:47.524',4,999995,1,'В бункере \"301\" не назначен материал'),('2021-02-12 12:31:47.524',4,999996,1,'В бункере \"204\" не назначен материал'),('2021-02-12 12:31:47.524',4,999997,1,'В бункере \"203\" не назначен материал'),('2021-02-12 12:31:47.524',4,999998,1,'В бункере \"202\" не назначен материал'),('2021-02-12 12:31:47.524',4,999999,1,'В бункере \"201\" не назначен материал'),('2021-02-12 12:31:47.525',4,999980,1,'В бункере \"701\" не назначен материал'),('2021-02-12 12:31:47.525',4,999981,1,'В бункере \"601\" не назначен материал'),('2021-02-12 12:31:47.525',4,999982,1,'В бункере \"502\" не назначен материал'),('2021-02-12 12:31:48.545',4,999979,1,'В бункере \"106\" не назначен материал'),('2021-02-12 12:33:09.231',4,999990,1,'В бункере \"110\" не назначен материал'),('2021-02-12 12:33:09.231',4,999991,1,'В бункере \"109\" не назначен материал'),('2021-02-12 12:33:09.231',4,999992,1,'В бункере \"108\" не назначен материал'),('2021-02-12 12:33:09.231',4,999993,1,'В бункере \"107\" не назначен материал'),('2021-02-12 12:33:09.231',4,999994,1,'В бункере \"106\" не назначен материал'),('2021-02-12 12:33:09.231',4,999995,1,'В бункере \"105\" не назначен материал'),('2021-02-12 12:33:09.231',4,999996,1,'В бункере \"104\" не назначен материал'),('2021-02-12 12:33:09.231',4,999997,1,'В бункере \"103\" не назначен материал'),('2021-02-12 12:33:09.231',4,999998,1,'В бункере \"102\" не назначен материал'),('2021-02-12 12:33:09.231',4,999999,1,'В бункере \"101\" не назначен материал'),('2021-02-12 12:33:09.232',4,999970,1,'В бункере \"701\" не назначен материал'),('2021-02-12 12:33:09.232',4,999971,1,'В бункере \"601\" не назначен материал'),('2021-02-12 12:33:09.232',4,999972,1,'В бункере \"502\" не назначен материал'),('2021-02-12 12:33:09.232',4,999973,1,'В бункере \"501\" не назначен материал'),('2021-02-12 12:33:09.232',4,999974,1,'В бункере \"312\" не назначен материал'),('2021-02-12 12:33:09.232',4,999975,1,'В бункере \"311\" не назначен материал'),('2021-02-12 12:33:09.232',4,999976,1,'В бункере \"310\" не назначен материал'),('2021-02-12 12:33:09.232',4,999977,1,'В бункере \"309\" не назначен материал'),('2021-02-12 12:33:09.232',4,999978,1,'В бункере \"308\" не назначен материал'),('2021-02-12 12:33:09.232',4,999979,1,'В бункере \"307\" не назначен материал'),('2021-02-12 12:33:09.232',4,999980,1,'В бункере \"306\" не назначен материал'),('2021-02-12 12:33:09.232',4,999981,1,'В бункере \"305\" не назначен материал'),('2021-02-12 12:33:09.232',4,999982,1,'В бункере \"304\" не назначен материал'),('2021-02-12 12:33:09.232',4,999983,1,'В бункере \"303\" не назначен материал'),('2021-02-12 12:33:09.232',4,999984,1,'В бункере \"302\" не назначен материал'),('2021-02-12 12:33:09.232',4,999985,1,'В бункере \"301\" не назначен материал'),('2021-02-12 12:33:09.232',4,999986,1,'В бункере \"204\" не назначен материал'),('2021-02-12 12:33:09.232',4,999987,1,'В бункере \"203\" не назначен материал'),('2021-02-12 12:33:09.232',4,999988,1,'В бункере \"202\" не назначен материал'),('2021-02-12 12:33:09.232',4,999989,1,'В бункере \"201\" не назначен материал'),('2021-02-12 12:33:10.201',4,999969,1,'В бункере \"106\" не назначен материал'),('2021-02-12 12:35:32.874',4,999968,1,'В бункере \"101\" не назначен материал'),('2021-02-12 12:35:32.874',4,999988,1,'В бункере \"203\" не назначен материал'),('2021-02-12 12:35:32.874',4,999989,1,'В бункере \"202\" не назначен материал'),('2021-02-12 12:35:32.874',4,999990,1,'В бункере \"201\" не назначен материал'),('2021-02-12 12:35:32.874',4,999991,1,'В бункере \"110\" не назначен материал'),('2021-02-12 12:35:32.874',4,999992,1,'В бункере \"109\" не назначен материал'),('2021-02-12 12:35:32.874',4,999993,1,'В бункере \"108\" не назначен материал'),('2021-02-12 12:35:32.874',4,999994,1,'В бункере \"107\" не назначен материал'),('2021-02-12 12:35:32.874',4,999995,1,'В бункере \"106\" не назначен материал'),('2021-02-12 12:35:32.874',4,999996,1,'В бункере \"105\" не назначен материал'),('2021-02-12 12:35:32.874',4,999997,1,'В бункере \"104\" не назначен материал'),('2021-02-12 12:35:32.874',4,999998,1,'В бункере \"103\" не назначен материал'),('2021-02-12 12:35:32.874',4,999999,1,'В бункере \"102\" не назначен материал'),('2021-02-12 12:35:32.875',4,999973,1,'В бункере \"502\" не назначен материал'),('2021-02-12 12:35:32.875',4,999974,1,'В бункере \"501\" не назначен материал'),('2021-02-12 12:35:32.875',4,999975,1,'В бункере \"312\" не назначен материал'),('2021-02-12 12:35:32.875',4,999976,1,'В бункере \"311\" не назначен материал'),('2021-02-12 12:35:32.875',4,999977,1,'В бункере \"310\" не назначен материал'),('2021-02-12 12:35:32.875',4,999978,1,'В бункере \"309\" не назначен материал'),('2021-02-12 12:35:32.875',4,999979,1,'В бункере \"308\" не назначен материал'),('2021-02-12 12:35:32.875',4,999980,1,'В бункере \"307\" не назначен материал'),('2021-02-12 12:35:32.875',4,999981,1,'В бункере \"306\" не назначен материал'),('2021-02-12 12:35:32.875',4,999982,1,'В бункере \"305\" не назначен материал'),('2021-02-12 12:35:32.875',4,999983,1,'В бункере \"304\" не назначен материал'),('2021-02-12 12:35:32.875',4,999984,1,'В бункере \"303\" не назначен материал'),('2021-02-12 12:35:32.875',4,999985,1,'В бункере \"302\" не назначен материал'),('2021-02-12 12:35:32.875',4,999986,1,'В бункере \"301\" не назначен материал'),('2021-02-12 12:35:32.875',4,999987,1,'В бункере \"204\" не назначен материал'),('2021-02-12 12:35:32.876',4,999971,1,'В бункере \"701\" не назначен материал'),('2021-02-12 12:35:32.876',4,999972,1,'В бункере \"601\" не назначен материал'),('2021-02-12 12:35:33.871',4,999970,1,'В бункере \"106\" не назначен материал'),('2021-02-12 12:38:50.522',4,999968,1,'В бункере \"102\" не назначен материал'),('2021-02-12 12:38:50.522',4,999969,1,'В бункере \"101\" не назначен материал'),('2021-02-12 12:38:50.522',4,999999,1,'В бункере \"103\" не назначен материал'),('2021-02-12 12:38:50.523',4,999985,1,'В бункере \"303\" не назначен материал'),('2021-02-12 12:38:50.523',4,999986,1,'В бункере \"302\" не назначен материал'),('2021-02-12 12:38:50.523',4,999987,1,'В бункере \"301\" не назначен материал'),('2021-02-12 12:38:50.523',4,999988,1,'В бункере \"204\" не назначен материал'),('2021-02-12 12:38:50.523',4,999989,1,'В бункере \"203\" не назначен материал'),('2021-02-12 12:38:50.523',4,999990,1,'В бункере \"202\" не назначен материал'),('2021-02-12 12:38:50.523',4,999991,1,'В бункере \"201\" не назначен материал'),('2021-02-12 12:38:50.523',4,999992,1,'В бункере \"110\" не назначен материал'),('2021-02-12 12:38:50.523',4,999993,1,'В бункере \"109\" не назначен материал'),('2021-02-12 12:38:50.523',4,999994,1,'В бункере \"108\" не назначен материал'),('2021-02-12 12:38:50.523',4,999995,1,'В бункере \"107\" не назначен материал'),('2021-02-12 12:38:50.523',4,999996,1,'В бункере \"106\" не назначен материал'),('2021-02-12 12:38:50.523',4,999997,1,'В бункере \"105\" не назначен материал'),('2021-02-12 12:38:50.523',4,999998,1,'В бункере \"104\" не назначен материал'),('2021-02-12 12:38:50.524',4,999974,1,'В бункере \"502\" не назначен материал'),('2021-02-12 12:38:50.524',4,999975,1,'В бункере \"501\" не назначен материал'),('2021-02-12 12:38:50.524',4,999976,1,'В бункере \"312\" не назначен материал'),('2021-02-12 12:38:50.524',4,999977,1,'В бункере \"311\" не назначен материал'),('2021-02-12 12:38:50.524',4,999978,1,'В бункере \"310\" не назначен материал'),('2021-02-12 12:38:50.524',4,999979,1,'В бункере \"309\" не назначен материал'),('2021-02-12 12:38:50.524',4,999980,1,'В бункере \"308\" не назначен материал'),('2021-02-12 12:38:50.524',4,999981,1,'В бункере \"307\" не назначен материал'),('2021-02-12 12:38:50.524',4,999982,1,'В бункере \"306\" не назначен материал'),('2021-02-12 12:38:50.524',4,999983,1,'В бункере \"305\" не назначен материал'),('2021-02-12 12:38:50.524',4,999984,1,'В бункере \"304\" не назначен материал'),('2021-02-12 12:38:50.525',4,999972,1,'В бункере \"701\" не назначен материал'),('2021-02-12 12:38:50.525',4,999973,1,'В бункере \"601\" не назначен материал'),('2021-02-12 12:38:51.537',4,999971,1,'В бункере \"106\" не назначен материал'),('2021-02-12 12:41:43.042',4,999968,1,'В бункере \"103\" не назначен материал'),('2021-02-12 12:41:43.042',4,999969,1,'В бункере \"102\" не назначен материал'),('2021-02-12 12:41:43.042',4,999970,1,'В бункере \"101\" не назначен материал'),('2021-02-12 12:41:43.042',4,999988,1,'В бункере \"301\" не назначен материал'),('2021-02-12 12:41:43.042',4,999989,1,'В бункере \"204\" не назначен материал'),('2021-02-12 12:41:43.042',4,999990,1,'В бункере \"203\" не назначен материал'),('2021-02-12 12:41:43.042',4,999991,1,'В бункере \"202\" не назначен материал'),('2021-02-12 12:41:43.042',4,999992,1,'В бункере \"201\" не назначен материал'),('2021-02-12 12:41:43.042',4,999993,1,'В бункере \"110\" не назначен материал'),('2021-02-12 12:41:43.042',4,999994,1,'В бункере \"109\" не назначен материал'),('2021-02-12 12:41:43.042',4,999995,1,'В бункере \"108\" не назначен материал'),('2021-02-12 12:41:43.042',4,999996,1,'В бункере \"107\" не назначен материал'),('2021-02-12 12:41:43.042',4,999997,1,'В бункере \"106\" не назначен материал'),('2021-02-12 12:41:43.042',4,999998,1,'В бункере \"105\" не назначен материал'),('2021-02-12 12:41:43.042',4,999999,1,'В бункере \"104\" не назначен материал'),('2021-02-12 12:41:43.043',4,999973,1,'В бункере \"701\" не назначен материал'),('2021-02-12 12:41:43.043',4,999974,1,'В бункере \"601\" не назначен материал'),('2021-02-12 12:41:43.043',4,999975,1,'В бункере \"502\" не назначен материал'),('2021-02-12 12:41:43.043',4,999976,1,'В бункере \"501\" не назначен материал'),('2021-02-12 12:41:43.043',4,999977,1,'В бункере \"312\" не назначен материал'),('2021-02-12 12:41:43.043',4,999978,1,'В бункере \"311\" не назначен материал'),('2021-02-12 12:41:43.043',4,999979,1,'В бункере \"310\" не назначен материал'),('2021-02-12 12:41:43.043',4,999980,1,'В бункере \"309\" не назначен материал'),('2021-02-12 12:41:43.043',4,999981,1,'В бункере \"308\" не назначен материал'),('2021-02-12 12:41:43.043',4,999982,1,'В бункере \"307\" не назначен материал'),('2021-02-12 12:41:43.043',4,999983,1,'В бункере \"306\" не назначен материал'),('2021-02-12 12:41:43.043',4,999984,1,'В бункере \"305\" не назначен материал'),('2021-02-12 12:41:43.043',4,999985,1,'В бункере \"304\" не назначен материал'),('2021-02-12 12:41:43.043',4,999986,1,'В бункере \"303\" не назначен материал'),('2021-02-12 12:41:43.043',4,999987,1,'В бункере \"302\" не назначен материал'),('2021-02-12 12:41:44.025',4,999972,1,'В бункере \"106\" не назначен материал'),('2021-02-12 12:55:51.956',4,999971,1,'В бункере \"101\" не назначен материал'),('2021-02-12 12:55:51.967',4,999968,1,'В бункере \"104\" не назначен материал'),('2021-02-12 12:55:51.967',4,999969,1,'В бункере \"103\" не назначен материал'),('2021-02-12 12:55:51.967',4,999970,1,'В бункере \"102\" не назначен материал'),('2021-02-12 12:55:51.967',4,999988,1,'В бункере \"302\" не назначен материал'),('2021-02-12 12:55:51.967',4,999989,1,'В бункере \"301\" не назначен материал'),('2021-02-12 12:55:51.967',4,999990,1,'В бункере \"204\" не назначен материал'),('2021-02-12 12:55:51.967',4,999991,1,'В бункере \"203\" не назначен материал'),('2021-02-12 12:55:51.967',4,999992,1,'В бункере \"202\" не назначен материал'),('2021-02-12 12:55:51.967',4,999993,1,'В бункере \"201\" не назначен материал'),('2021-02-12 12:55:51.967',4,999994,1,'В бункере \"110\" не назначен материал'),('2021-02-12 12:55:51.967',4,999995,1,'В бункере \"109\" не назначен материал'),('2021-02-12 12:55:51.967',4,999996,1,'В бункере \"108\" не назначен материал'),('2021-02-12 12:55:51.967',4,999997,1,'В бункере \"107\" не назначен материал'),('2021-02-12 12:55:51.967',4,999998,1,'В бункере \"106\" не назначен материал'),('2021-02-12 12:55:51.967',4,999999,1,'В бункере \"105\" не назначен материал'),('2021-02-12 12:55:51.968',4,999974,1,'В бункере \"701\" не назначен материал'),('2021-02-12 12:55:51.968',4,999975,1,'В бункере \"601\" не назначен материал'),('2021-02-12 12:55:51.968',4,999976,1,'В бункере \"502\" не назначен материал'),('2021-02-12 12:55:51.968',4,999977,1,'В бункере \"501\" не назначен материал'),('2021-02-12 12:55:51.968',4,999978,1,'В бункере \"312\" не назначен материал'),('2021-02-12 12:55:51.968',4,999979,1,'В бункере \"311\" не назначен материал'),('2021-02-12 12:55:51.968',4,999980,1,'В бункере \"310\" не назначен материал'),('2021-02-12 12:55:51.968',4,999981,1,'В бункере \"309\" не назначен материал'),('2021-02-12 12:55:51.968',4,999982,1,'В бункере \"308\" не назначен материал'),('2021-02-12 12:55:51.968',4,999983,1,'В бункере \"307\" не назначен материал'),('2021-02-12 12:55:51.968',4,999984,1,'В бункере \"306\" не назначен материал'),('2021-02-12 12:55:51.968',4,999985,1,'В бункере \"305\" не назначен материал'),('2021-02-12 12:55:51.968',4,999986,1,'В бункере \"304\" не назначен материал'),('2021-02-12 12:55:51.968',4,999987,1,'В бункере \"303\" не назначен материал'),('2021-02-12 12:55:52.949',4,999973,1,'В бункере \"106\" не назначен материал'),('2021-02-12 13:10:06.453',4,999969,1,'В бункере \"104\" не назначен материал'),('2021-02-12 13:10:06.453',4,999970,1,'В бункере \"103\" не назначен материал'),('2021-02-12 13:10:06.453',4,999971,1,'В бункере \"102\" не назначен материал'),('2021-02-12 13:10:06.453',4,999972,1,'В бункере \"101\" не назначен материал'),('2021-02-12 13:10:06.454',4,999968,1,'В бункере \"105\" не назначен материал'),('2021-02-12 13:10:06.454',4,999985,1,'В бункере \"306\" не назначен материал'),('2021-02-12 13:10:06.454',4,999986,1,'В бункере \"305\" не назначен материал'),('2021-02-12 13:10:06.454',4,999987,1,'В бункере \"304\" не назначен материал'),('2021-02-12 13:10:06.454',4,999988,1,'В бункере \"303\" не назначен материал'),('2021-02-12 13:10:06.454',4,999989,1,'В бункере \"302\" не назначен материал'),('2021-02-12 13:10:06.454',4,999990,1,'В бункере \"301\" не назначен материал'),('2021-02-12 13:10:06.454',4,999991,1,'В бункере \"204\" не назначен материал'),('2021-02-12 13:10:06.454',4,999992,1,'В бункере \"203\" не назначен материал'),('2021-02-12 13:10:06.454',4,999993,1,'В бункере \"202\" не назначен материал'),('2021-02-12 13:10:06.454',4,999994,1,'В бункере \"201\" не назначен материал'),('2021-02-12 13:10:06.454',4,999995,1,'В бункере \"110\" не назначен материал'),('2021-02-12 13:10:06.454',4,999996,1,'В бункере \"109\" не назначен материал'),('2021-02-12 13:10:06.454',4,999997,1,'В бункере \"108\" не назначен материал'),('2021-02-12 13:10:06.454',4,999998,1,'В бункере \"107\" не назначен материал'),('2021-02-12 13:10:06.454',4,999999,1,'В бункере \"106\" не назначен материал'),('2021-02-12 13:10:06.455',4,999975,1,'В бункере \"701\" не назначен материал'),('2021-02-12 13:10:06.455',4,999976,1,'В бункере \"601\" не назначен материал'),('2021-02-12 13:10:06.455',4,999977,1,'В бункере \"502\" не назначен материал'),('2021-02-12 13:10:06.455',4,999978,1,'В бункере \"501\" не назначен материал'),('2021-02-12 13:10:06.455',4,999979,1,'В бункере \"312\" не назначен материал'),('2021-02-12 13:10:06.455',4,999980,1,'В бункере \"311\" не назначен материал'),('2021-02-12 13:10:06.455',4,999981,1,'В бункере \"310\" не назначен материал'),('2021-02-12 13:10:06.455',4,999982,1,'В бункере \"309\" не назначен материал'),('2021-02-12 13:10:06.455',4,999983,1,'В бункере \"308\" не назначен материал'),('2021-02-12 13:10:06.455',4,999984,1,'В бункере \"307\" не назначен материал'),('2021-02-12 13:10:07.452',4,999974,1,'В бункере \"106\" не назначен материал');
/*!40000 ALTER TABLE `messages_data` ENABLE KEYS */;
UNLOCK TABLES;

--
-- Table structure for table `mh`
--

DROP TABLE IF EXISTS `mh`;
/*!40101 SET @saved_cs_client     = @@character_set_client */;
/*!50503 SET character_set_client = utf8mb4 */;
CREATE TABLE `mh` (
  `id` int NOT NULL,
  `Name` varchar(60) DEFAULT '',
  `Count` int DEFAULT '0',
  PRIMARY KEY (`id`)
) ENGINE=InnoDB DEFAULT CHARSET=utf8;
/*!40101 SET character_set_client = @saved_cs_client */;

--
-- Dumping data for table `mh`
--

LOCK TABLES `mh` WRITE;
/*!40000 ALTER TABLE `mh` DISABLE KEYS */;
/*!40000 ALTER TABLE `mh` ENABLE KEYS */;
UNLOCK TABLES;

--
-- Table structure for table `pp`
--

DROP TABLE IF EXISTS `pp`;
/*!40101 SET @saved_cs_client     = @@character_set_client */;
/*!50503 SET character_set_client = utf8mb4 */;
CREATE TABLE `pp` (
  `id` int NOT NULL AUTO_INCREMENT,
  `kod` varchar(46) NOT NULL,
  `name` varchar(100) DEFAULT '',
  `ver` varchar(45) DEFAULT '',
  `typ` int DEFAULT '0',
  `ves` int DEFAULT '1000' COMMENT 'вес порции',
  `time_all` int DEFAULT '180',
  `time_suh` int DEFAULT '30',
  `plotn_mel` int DEFAULT '1000' COMMENT 'Плотность для рассчета скорости подачи мелассы',
  `plotn` int DEFAULT '1000' COMMENT 'Плотность готового продукта для расчета заполненности бункеров',
  `VesPart` int DEFAULT '1000',
  `VesPort` int DEFAULT '1000',
  `PortCompl` int DEFAULT '0' COMMENT 'Кол-во выполненных порций',
  `Compl` int DEFAULT '0',
  PRIMARY KEY (`id`),
  UNIQUE KEY `id_UNIQUE` (`id`)
) ENGINE=InnoDB DEFAULT CHARSET=utf8;
/*!40101 SET character_set_client = @saved_cs_client */;

--
-- Dumping data for table `pp`
--

LOCK TABLES `pp` WRITE;
/*!40000 ALTER TABLE `pp` DISABLE KEYS */;
/*!40000 ALTER TABLE `pp` ENABLE KEYS */;
UNLOCK TABLES;

--
-- Table structure for table `ppdet`
--

DROP TABLE IF EXISTS `ppdet`;
/*!40101 SET @saved_cs_client     = @@character_set_client */;
/*!50503 SET character_set_client = utf8mb4 */;
CREATE TABLE `ppdet` (
  `IdPp` int NOT NULL,
  `npp` int NOT NULL DEFAULT '0',
  `IdMat` int NOT NULL DEFAULT '0',
  `seq` int NOT NULL DEFAULT '0',
  `otkl_minus` float DEFAULT '0',
  `otkl_plus` float DEFAULT '0',
  PRIMARY KEY (`IdPp`,`npp`)
) ENGINE=InnoDB DEFAULT CHARSET=utf8;
/*!40101 SET character_set_client = @saved_cs_client */;

--
-- Dumping data for table `ppdet`
--

LOCK TABLES `ppdet` WRITE;
/*!40000 ALTER TABLE `ppdet` DISABLE KEYS */;
/*!40000 ALTER TABLE `ppdet` ENABLE KEYS */;
UNLOCK TABLES;

--
-- Table structure for table `prod`
--

DROP TABLE IF EXISTS `prod`;
/*!40101 SET @saved_cs_client     = @@character_set_client */;
/*!50503 SET character_set_client = utf8mb4 */;
CREATE TABLE `prod` (
  `id` int NOT NULL AUTO_INCREMENT,
  `kod` varchar(46) NOT NULL,
  `Name` varchar(100) DEFAULT '',
  `typ` int DEFAULT '0',
  `ver` varchar(45) DEFAULT '',
  `ves` int DEFAULT '1000' COMMENT 'вес порции',
  `time_suh` int DEFAULT '30',
  `time_mok` int DEFAULT '180',
  `plotn_mel` int DEFAULT '1000' COMMENT 'Плотность для рассчета скорости подачи мелассы',
  `plotn` int DEFAULT '1000' COMMENT 'Плотность готового продукта для расчета заполненности бункеров',
  PRIMARY KEY (`id`),
  UNIQUE KEY `id_UNIQUE` (`id`)
) ENGINE=InnoDB DEFAULT CHARSET=utf8;
/*!40101 SET character_set_client = @saved_cs_client */;

--
-- Dumping data for table `prod`
--

LOCK TABLES `prod` WRITE;
/*!40000 ALTER TABLE `prod` DISABLE KEYS */;
/*!40000 ALTER TABLE `prod` ENABLE KEYS */;
UNLOCK TABLES;

--
-- Table structure for table `proddet`
--

DROP TABLE IF EXISTS `proddet`;
/*!40101 SET @saved_cs_client     = @@character_set_client */;
/*!50503 SET character_set_client = utf8mb4 */;
CREATE TABLE `proddet` (
  `IdProd` int NOT NULL,
  `npp` int NOT NULL DEFAULT '0',
  `seq` int DEFAULT '0',
  `IdMat` int DEFAULT '0',
  `prc` float DEFAULT '0',
  `otkl_minus` float DEFAULT '0',
  `otkl_plus` float DEFAULT '0',
  PRIMARY KEY (`IdProd`,`npp`),
  CONSTRAINT `idFromProd` FOREIGN KEY (`IdProd`) REFERENCES `prod` (`id`) ON DELETE CASCADE ON UPDATE CASCADE
) ENGINE=InnoDB DEFAULT CHARSET=utf8;
/*!40101 SET character_set_client = @saved_cs_client */;

--
-- Dumping data for table `proddet`
--

LOCK TABLES `proddet` WRITE;
/*!40000 ALTER TABLE `proddet` DISABLE KEYS */;
/*!40000 ALTER TABLE `proddet` ENABLE KEYS */;
UNLOCK TABLES;

--
-- Table structure for table `recipedet`
--

DROP TABLE IF EXISTS `recipedet`;
/*!40101 SET @saved_cs_client     = @@character_set_client */;
/*!50503 SET character_set_client = utf8mb4 */;
CREATE TABLE `recipedet` (
  `IdRecipe` int NOT NULL,
  `npp` int NOT NULL DEFAULT '0',
  `IdMat` int NOT NULL DEFAULT '0',
  `seq` int NOT NULL DEFAULT '0',
  `prc` float DEFAULT '0',
  `otkl_minus` float DEFAULT '0',
  `otkl_plus` float DEFAULT '0',
  `idDozP` int DEFAULT '0',
  PRIMARY KEY (`IdRecipe`,`npp`),
  CONSTRAINT `qqqqq` FOREIGN KEY (`IdRecipe`) REFERENCES `recipes` (`id`) ON DELETE CASCADE
) ENGINE=InnoDB DEFAULT CHARSET=utf8;
/*!40101 SET character_set_client = @saved_cs_client */;

--
-- Dumping data for table `recipedet`
--

LOCK TABLES `recipedet` WRITE;
/*!40000 ALTER TABLE `recipedet` DISABLE KEYS */;
INSERT INTO `recipedet` VALUES (1,1,1,4,50,0,0,0),(1,2,7,2,0,0,0,2),(1,3,3,4,NULL,0,0,0),(1,4,12,3,4,0,0,2),(1,5,9,1,4,0,0,6),(1,6,2,1,15,0,0,0),(1,7,13,1,5,0,0,3),(1,8,15,1,2,0,0,4),(1,9,5,5,20,0,0,0),(2,1,2,2,34,0,0,0),(2,2,3,1,26,0,0,0),(2,3,5,3,24.449,0,0,0),(2,4,9,1,10,0,0,1),(2,5,8,2,3,0,0,1),(2,6,18,1,2.051,0,0,2),(2,7,13,1,0.5,0,0,3),(3,1,1,1,33,0,5,0),(3,2,2,2,27,0,4,0),(3,3,15,3,2,0,0,4),(3,4,13,1,5,0,0,3),(3,5,12,1,6,0,0,2),(3,6,4,3,15,0,0,0),(3,7,7,1,3,0,0,1),(3,8,8,2,2,0,0,1),(3,9,11,2,2,0,0,2),(3,10,6,4,5,0,0,0);
/*!40000 ALTER TABLE `recipedet` ENABLE KEYS */;
UNLOCK TABLES;

--
-- Table structure for table `recipes`
--

DROP TABLE IF EXISTS `recipes`;
/*!40101 SET @saved_cs_client     = @@character_set_client */;
/*!50503 SET character_set_client = utf8mb4 */;
CREATE TABLE `recipes` (
  `id` int NOT NULL AUTO_INCREMENT,
  `RecipName` varchar(100) DEFAULT '',
  `kod` varchar(45) DEFAULT '',
  PRIMARY KEY (`id`)
) ENGINE=InnoDB AUTO_INCREMENT=4 DEFAULT CHARSET=utf8;
/*!40101 SET character_set_client = @saved_cs_client */;

--
-- Dumping data for table `recipes`
--

LOCK TABLES `recipes` WRITE;
/*!40000 ALTER TABLE `recipes` DISABLE KEYS */;
INSERT INTO `recipes` VALUES (1,'hjkj','452'),(2,'КР 2','12.02.2021  11:31:01'),(3,'КР 3','12.02.2021  11:35:24');
/*!40000 ALTER TABLE `recipes` ENABLE KEYS */;
UNLOCK TABLES;

--
-- Table structure for table `silos`
--

DROP TABLE IF EXISTS `silos`;
/*!40101 SET @saved_cs_client     = @@character_set_client */;
/*!50503 SET character_set_client = utf8mb4 */;
CREATE TABLE `silos` (
  `id` int NOT NULL,
  `idGp` int DEFAULT NULL,
  `V` int DEFAULT NULL,
  `BlockIn` int DEFAULT '0',
  `BlockOut` int DEFAULT '0',
  PRIMARY KEY (`id`)
) ENGINE=InnoDB DEFAULT CHARSET=utf8;
/*!40101 SET character_set_client = @saved_cs_client */;

--
-- Dumping data for table `silos`
--

LOCK TABLES `silos` WRITE;
/*!40000 ALTER TABLE `silos` DISABLE KEYS */;
INSERT INTO `silos` VALUES (401,NULL,30000,NULL,NULL),(402,NULL,30000,NULL,NULL),(403,NULL,30000,NULL,NULL),(404,NULL,30000,NULL,NULL),(405,NULL,30000,NULL,NULL),(406,NULL,30000,NULL,NULL),(407,NULL,30000,NULL,NULL),(408,NULL,30000,NULL,NULL),(409,NULL,30000,NULL,NULL),(410,NULL,30000,NULL,NULL),(411,NULL,30000,NULL,NULL),(412,NULL,30000,NULL,NULL),(413,NULL,30000,NULL,NULL),(414,NULL,30000,NULL,NULL),(415,NULL,30000,NULL,NULL);
/*!40000 ALTER TABLE `silos` ENABLE KEYS */;
UNLOCK TABLES;

--
-- Table structure for table `trends_data`
--

DROP TABLE IF EXISTS `trends_data`;
/*!40101 SET @saved_cs_client     = @@character_set_client */;
/*!50503 SET character_set_client = utf8mb4 */;
CREATE TABLE `trends_data` (
  `ID` int unsigned NOT NULL DEFAULT '0',
  `Timestamp` timestamp(3) NOT NULL,
  `Value` double NOT NULL DEFAULT '0',
  `Quality` tinyint NOT NULL DEFAULT '0',
  PRIMARY KEY (`ID`,`Timestamp`)
) ENGINE=InnoDB DEFAULT CHARSET=utf8;
/*!40101 SET character_set_client = @saved_cs_client */;

--
-- Dumping data for table `trends_data`
--

LOCK TABLES `trends_data` WRITE;
/*!40000 ALTER TABLE `trends_data` DISABLE KEYS */;
/*!40000 ALTER TABLE `trends_data` ENABLE KEYS */;
UNLOCK TABLES;

--
-- Table structure for table `trends_day`
--

DROP TABLE IF EXISTS `trends_day`;
/*!40101 SET @saved_cs_client     = @@character_set_client */;
/*!50503 SET character_set_client = utf8mb4 */;
CREATE TABLE `trends_day` (
  `ID` int unsigned NOT NULL DEFAULT '0',
  `Timestamp` timestamp(3) NOT NULL,
  `Value` double NOT NULL DEFAULT '0',
  `Quality` tinyint NOT NULL DEFAULT '0',
  PRIMARY KEY (`ID`,`Timestamp`)
) ENGINE=InnoDB DEFAULT CHARSET=utf8;
/*!40101 SET character_set_client = @saved_cs_client */;

--
-- Dumping data for table `trends_day`
--

LOCK TABLES `trends_day` WRITE;
/*!40000 ALTER TABLE `trends_day` DISABLE KEYS */;
/*!40000 ALTER TABLE `trends_day` ENABLE KEYS */;
UNLOCK TABLES;

--
-- Table structure for table `trends_hour`
--

DROP TABLE IF EXISTS `trends_hour`;
/*!40101 SET @saved_cs_client     = @@character_set_client */;
/*!50503 SET character_set_client = utf8mb4 */;
CREATE TABLE `trends_hour` (
  `ID` int unsigned NOT NULL DEFAULT '0',
  `Timestamp` timestamp(3) NOT NULL,
  `Value` double NOT NULL DEFAULT '0',
  `Quality` tinyint NOT NULL DEFAULT '0',
  PRIMARY KEY (`ID`,`Timestamp`)
) ENGINE=InnoDB DEFAULT CHARSET=utf8;
/*!40101 SET character_set_client = @saved_cs_client */;

--
-- Dumping data for table `trends_hour`
--

LOCK TABLES `trends_hour` WRITE;
/*!40000 ALTER TABLE `trends_hour` DISABLE KEYS */;
/*!40000 ALTER TABLE `trends_hour` ENABLE KEYS */;
UNLOCK TABLES;

--
-- Table structure for table `trends_minute`
--

DROP TABLE IF EXISTS `trends_minute`;
/*!40101 SET @saved_cs_client     = @@character_set_client */;
/*!50503 SET character_set_client = utf8mb4 */;
CREATE TABLE `trends_minute` (
  `ID` int unsigned NOT NULL DEFAULT '0',
  `Timestamp` timestamp(3) NOT NULL,
  `Value` double NOT NULL DEFAULT '0',
  `Quality` tinyint NOT NULL DEFAULT '0',
  PRIMARY KEY (`ID`,`Timestamp`)
) ENGINE=InnoDB DEFAULT CHARSET=utf8;
/*!40101 SET character_set_client = @saved_cs_client */;

--
-- Dumping data for table `trends_minute`
--

LOCK TABLES `trends_minute` WRITE;
/*!40000 ALTER TABLE `trends_minute` DISABLE KEYS */;
/*!40000 ALTER TABLE `trends_minute` ENABLE KEYS */;
UNLOCK TABLES;

--
-- Table structure for table `type_prod`
--

DROP TABLE IF EXISTS `type_prod`;
/*!40101 SET @saved_cs_client     = @@character_set_client */;
/*!50503 SET character_set_client = utf8mb4 */;
CREATE TABLE `type_prod` (
  `id` int NOT NULL,
  `type_name` varchar(45) DEFAULT NULL,
  PRIMARY KEY (`id`),
  UNIQUE KEY `id_UNIQUE` (`id`)
) ENGINE=InnoDB DEFAULT CHARSET=utf8;
/*!40101 SET character_set_client = @saved_cs_client */;

--
-- Dumping data for table `type_prod`
--

LOCK TABLES `type_prod` WRITE;
/*!40000 ALTER TABLE `type_prod` DISABLE KEYS */;
INSERT INTO `type_prod` VALUES (0,'Россыпь'),(1,'Гранулы'),(2,'Крошка'),(5,'Гранулы с напылением'),(6,'Крошка с напылением'),(8,'Россыпь с мелассой');
/*!40000 ALTER TABLE `type_prod` ENABLE KEYS */;
UNLOCK TABLES;

--
-- Table structure for table `users`
--

DROP TABLE IF EXISTS `users`;
/*!40101 SET @saved_cs_client     = @@character_set_client */;
/*!50503 SET character_set_client = utf8mb4 */;
CREATE TABLE `users` (
  `iduser` int NOT NULL AUTO_INCREMENT,
  `UserName` varchar(100) DEFAULT 'Оператор',
  `rights` int DEFAULT '0',
  `pass` varchar(45) NOT NULL DEFAULT '',
  PRIMARY KEY (`iduser`)
) ENGINE=InnoDB AUTO_INCREMENT=4 DEFAULT CHARSET=utf8;
/*!40101 SET character_set_client = @saved_cs_client */;

--
-- Dumping data for table `users`
--

LOCK TABLES `users` WRITE;
/*!40000 ALTER TABLE `users` DISABLE KEYS */;
INSERT INTO `users` VALUES (1,'Оператор Вася',1,'111'),(2,'Главный оператор Петя',2,'222'),(3,'Сервис',127,'333');
/*!40000 ALTER TABLE `users` ENABLE KEYS */;
UNLOCK TABLES;

--
-- Table structure for table `yesno`
--

DROP TABLE IF EXISTS `yesno`;
/*!40101 SET @saved_cs_client     = @@character_set_client */;
/*!50503 SET character_set_client = utf8mb4 */;
CREATE TABLE `yesno` (
  `id` int NOT NULL,
  `YN` varchar(10) DEFAULT NULL,
  PRIMARY KEY (`id`)
) ENGINE=InnoDB DEFAULT CHARSET=utf8;
/*!40101 SET character_set_client = @saved_cs_client */;

--
-- Dumping data for table `yesno`
--

LOCK TABLES `yesno` WRITE;
/*!40000 ALTER TABLE `yesno` DISABLE KEYS */;
INSERT INTO `yesno` VALUES (0,'Нет'),(1,'Да');
/*!40000 ALTER TABLE `yesno` ENABLE KEYS */;
UNLOCK TABLES;
/*!40103 SET TIME_ZONE=@OLD_TIME_ZONE */;

/*!40101 SET SQL_MODE=@OLD_SQL_MODE */;
/*!40014 SET FOREIGN_KEY_CHECKS=@OLD_FOREIGN_KEY_CHECKS */;
/*!40014 SET UNIQUE_CHECKS=@OLD_UNIQUE_CHECKS */;
/*!40101 SET CHARACTER_SET_CLIENT=@OLD_CHARACTER_SET_CLIENT */;
/*!40101 SET CHARACTER_SET_RESULTS=@OLD_CHARACTER_SET_RESULTS */;
/*!40101 SET COLLATION_CONNECTION=@OLD_COLLATION_CONNECTION */;
/*!40111 SET SQL_NOTES=@OLD_SQL_NOTES */;

-- Dump completed on 2021-02-12 16:27:39
